event_id,problem,column,original_value,corrupted_value
EVT_00156,missing_value,incident_distance_m,76.4,
EVT_00928,missing_value,visibility_m,2302.6,
EVT_00931,missing_value,signal_wait_time_s,41,
EVT_00272,missing_value,signal_wait_time_s,70.0,
EVT_01618,missing_value,camera_exposure_score,64.4,
EVT_01237,missing_value,road_occupancy_pct,39.5,
EVT_01579,missing_value,rain_intensity_mmhr,0.0,
EVT_00316,missing_value,ambient_temperature_c,32.5,
EVT_00365,missing_value,incident_distance_m,31.5,
EVT_01012,missing_value,noise_level_db,53.8,
EVT_00706,missing_value,signal_wait_time_s,86.0,
EVT_00249,missing_value,humidity_pct,83.6,
EVT_01340,missing_value,road_occupancy_pct,38.6,
EVT_01642,missing_value,lane_marking_visibility_pct,93.8,
EVT_01542,missing_value,visibility_m,1893.2,
EVT_01354,missing_value,visibility_m,2492.4,
EVT_01587,missing_value,visibility_m,859.6,
EVT_01838,missing_value,ambient_temperature_c,25.5,
EVT_01647,missing_value,noise_level_db,56.4,
EVT_00216,missing_value,road_occupancy_pct,31.4,
EVT_01620,missing_value,camera_exposure_score,23.2,
EVT_00762,missing_value,lane_marking_visibility_pct,62.4,
EVT_00575,missing_value,signal_wait_time_s,32.0,
EVT_00870,missing_value,avg_vehicle_speed_kmph,32.3,
EVT_00547,missing_value,incident_distance_m,119.1,
EVT_00046,missing_value,incident_distance_m,40.5,
EVT_01025,missing_value,visibility_m,1813.6,
EVT_01065,missing_value,avg_vehicle_speed_kmph,6.4,
EVT_01298,missing_value,signal_wait_time_s,107.0,
EVT_00735,missing_value,camera_exposure_score,23.9,
EVT_01668,missing_value,visibility_m,1114.6,
EVT_01085,missing_value,road_wetness_pct,49.7,
EVT_01739,missing_value,camera_exposure_score,53.4,
EVT_01667,missing_value,noise_level_db,47.7,
EVT_01965,missing_value,incident_distance_m,35.7,
EVT_01273,missing_value,rain_intensity_mmhr,0.0,
EVT_01438,missing_value,lane_marking_visibility_pct,77.7,
EVT_01107,missing_value,ambient_temperature_c,25.0,
EVT_00560,missing_value,road_occupancy_pct,35.7,
EVT_00751,missing_value,avg_vehicle_speed_kmph,19.2,
EVT_01998,missing_value,noise_level_db,51.0,
EVT_01487,missing_value,rain_intensity_mmhr,1.05,
EVT_01201,missing_value,road_occupancy_pct,59.5,
EVT_01849,missing_value,ambient_temperature_c,27.5,
EVT_00588,missing_value,camera_exposure_score,6.3,
EVT_01089,missing_value,signal_wait_time_s,55.0,
EVT_01037,missing_value,rain_intensity_mmhr,0.0,
EVT_00810,missing_value,road_occupancy_pct,20.3,
EVT_00174,missing_value,ambient_temperature_c,21.6,
EVT_01260,missing_value,avg_vehicle_speed_kmph,39.3,
EVT_00746,missing_value,ambient_temperature_c,28.5,
EVT_00287,missing_value,lane_marking_visibility_pct,69.6,
EVT_00647,missing_value,road_wetness_pct,6.5,
EVT_01213,missing_value,ambient_temperature_c,18.6,
EVT_00689,missing_value,avg_vehicle_speed_kmph,45.8,
EVT_01038,missing_value,road_wetness_pct,5.0,
EVT_00474,missing_value,signal_wait_time_s,32.0,
EVT_00317,missing_value,noise_level_db,67.9,
EVT_01346,missing_value,rain_intensity_mmhr,0.0,
EVT_00829,missing_value,noise_level_db,56.1,
EVT_01712,missing_value,ambient_temperature_c,27.3,
EVT_01782,missing_value,road_occupancy_pct,88.0,
EVT_00611,missing_value,camera_exposure_score,18.6,
EVT_00405,missing_value,ambient_temperature_c,30.7,
EVT_00147,missing_value,lane_marking_visibility_pct,81.7,
EVT_00606,missing_value,humidity_pct,66.4,
EVT_01590,missing_value,humidity_pct,74.2,
EVT_00535,missing_value,avg_vehicle_speed_kmph,16.3,
EVT_01988,missing_value,signal_wait_time_s,0.0,
EVT_01380,missing_value,rain_intensity_mmhr,0.0,
EVT_01976,missing_value,humidity_pct,76.9,
EVT_01315,missing_value,noise_level_db,62.5,
EVT_00136,missing_value,incident_distance_m,422.1,
EVT_00547,missing_value,road_wetness_pct,18.1,
EVT_01090,missing_value,road_occupancy_pct,57.7,
EVT_01557,missing_value,rain_intensity_mmhr,0.0,
EVT_00920,missing_value,noise_level_db,48.4,
EVT_00197,missing_value,rain_intensity_mmhr,17.23,
EVT_00451,missing_value,road_occupancy_pct,78.9,
EVT_01399,missing_value,avg_vehicle_speed_kmph,46.9,
EVT_00302,missing_value,camera_exposure_score,11.9,
EVT_01279,missing_value,visibility_m,2128.9,
EVT_01509,missing_value,lane_marking_visibility_pct,74.1,
EVT_00771,missing_value,avg_vehicle_speed_kmph,16.8,
EVT_01002,missing_value,signal_wait_time_s,43.0,
EVT_00463,missing_value,signal_wait_time_s,27.0,
EVT_00721,missing_value,road_wetness_pct,51.7,
EVT_00569,missing_value,road_occupancy_pct,47.2,
EVT_00695,missing_value,camera_exposure_score,67.5,
EVT_01804,missing_value,lane_marking_visibility_pct,96.7,
EVT_00503,missing_value,humidity_pct,59.8,
EVT_00035,missing_value,road_occupancy_pct,67.0,
EVT_01599,missing_value,rain_intensity_mmhr,0.0,
EVT_01710,missing_value,rain_intensity_mmhr,14.33,
EVT_01268,missing_value,lane_marking_visibility_pct,70.7,
EVT_01094,missing_value,humidity_pct,56.5,
EVT_01928,missing_value,signal_wait_time_s,23.0,
EVT_00972,missing_value,incident_distance_m,301.0,
EVT_01369,missing_value,humidity_pct,75.9,
EVT_00433,missing_value,avg_vehicle_speed_kmph,64.7,
EVT_00847,missing_value,road_wetness_pct,6.2,
EVT_01098,missing_value,avg_vehicle_speed_kmph,32.4,
EVT_00330,missing_value,camera_exposure_score,68.1,
EVT_01149,missing_value,signal_wait_time_s,18.0,
EVT_01224,missing_value,visibility_m,2271.1,
EVT_00626,missing_value,lane_marking_visibility_pct,79.7,
EVT_00429,missing_value,camera_exposure_score,70.8,
EVT_00322,missing_value,incident_distance_m,132.2,
EVT_01624,missing_value,lane_marking_visibility_pct,59.1,
EVT_00389,missing_value,visibility_m,797.5,
EVT_00793,missing_value,humidity_pct,63.2,
EVT_00223,missing_value,humidity_pct,69.8,
EVT_01025,missing_value,noise_level_db,58.1,
EVT_01373,missing_value,road_wetness_pct,29.8,
EVT_00775,missing_value,rain_intensity_mmhr,12.11,
EVT_00116,missing_value,noise_level_db,47.7,
EVT_01383,missing_value,rain_intensity_mmhr,1.26,
EVT_01987,missing_value,road_occupancy_pct,26.7,
EVT_01717,missing_value,camera_exposure_score,31.0,
EVT_00104,missing_value,humidity_pct,56.0,
EVT_00330,missing_value,rain_intensity_mmhr,3.02,
EVT_01356,missing_value,avg_vehicle_speed_kmph,37.4,
EVT_00474,missing_value,visibility_m,1538.6,
EVT_00091,missing_value,incident_distance_m,53.6,
EVT_01328,missing_value,ambient_temperature_c,24.0,
EVT_01478,missing_value,road_wetness_pct,2.3,
EVT_00754,missing_value,camera_exposure_score,74.5,
EVT_00077,missing_value,rain_intensity_mmhr,0.0,
EVT_00640,missing_value,lane_marking_visibility_pct,89.4,
EVT_00373,missing_value,noise_level_db,63.4,
EVT_00676,missing_value,ambient_temperature_c,18.0,
EVT_00765,missing_value,incident_distance_m,251.8,
EVT_00279,missing_value,lane_marking_visibility_pct,78.7,
EVT_00189,missing_value,road_occupancy_pct,85.9,
EVT_00860,missing_value,signal_wait_time_s,9.0,
EVT_00931,missing_value,rain_intensity_mmhr,0.0,
EVT_00451,missing_value,rain_intensity_mmhr,2.45,
EVT_00973,missing_value,humidity_pct,62.4,
EVT_00252,missing_value,incident_distance_m,4.2,
EVT_00818,missing_value,road_occupancy_pct,27.1,
EVT_00806,missing_value,lane_marking_visibility_pct,72.4,
EVT_00328,missing_value,road_occupancy_pct,21.9,
EVT_01925,missing_value,ambient_temperature_c,23.1,
EVT_00815,missing_value,ambient_temperature_c,31.6,
EVT_01222,missing_value,humidity_pct,62.1,
EVT_00756,missing_value,noise_level_db,57.2,
EVT_00336,missing_value,road_wetness_pct,1.2,
EVT_00294,missing_value,visibility_m,2593.2,
EVT_01533,missing_value,incident_distance_m,120.6,
EVT_00196,missing_value,avg_vehicle_speed_kmph,39.0,
EVT_01936,missing_value,incident_distance_m,260.8,
EVT_00731,missing_value,visibility_m,1209.5,
EVT_00461,missing_value,noise_level_db,59.8,
EVT_00157,missing_value,road_wetness_pct,8.7,
EVT_01596,missing_value,humidity_pct,57.4,
EVT_01363,missing_value,signal_wait_time_s,22.0,
EVT_01408,missing_value,noise_level_db,60.6,
EVT_00651,missing_value,visibility_m,1031.9,
EVT_00519,missing_value,lane_marking_visibility_pct,84.7,
EVT_00225,missing_value,avg_vehicle_speed_kmph,56.7,
EVT_01464,missing_value,road_wetness_pct,7.2,
EVT_01597,missing_value,avg_vehicle_speed_kmph,16.7,
EVT_01634,missing_value,noise_level_db,53.1,
EVT_00009,missing_value,road_wetness_pct,2.3,
EVT_00056,missing_value,avg_vehicle_speed_kmph,4.4,
EVT_00140,missing_value,ambient_temperature_c,23.8,
EVT_00977,missing_value,lane_marking_visibility_pct,69.2,
EVT_01376,missing_value,road_occupancy_pct,45.6,
EVT_01797,missing_value,visibility_m,2440.2,
EVT_00664,missing_value,rain_intensity_mmhr,3.51,
EVT_00794,missing_value,ambient_temperature_c,24.7,
EVT_00381,missing_value,road_wetness_pct,12.6,
EVT_01719,missing_value,humidity_pct,83.2,
EVT_00587,missing_value,signal_wait_time_s,35.0,
EVT_01352,missing_value,avg_vehicle_speed_kmph,9.7,
EVT_01544,missing_value,visibility_m,1097.8,
EVT_00797,missing_value,rain_intensity_mmhr,0.0,
EVT_00222,missing_value,noise_level_db,44.9,
EVT_00638,missing_value,ambient_temperature_c,26.3,
EVT_00641,missing_value,noise_level_db,54.1,
EVT_01923,missing_value,avg_vehicle_speed_kmph,22.6,
EVT_00107,missing_value,road_wetness_pct,2.2,
EVT_01571,missing_value,noise_level_db,48.4,
EVT_01944,missing_value,noise_level_db,52.8,
EVT_01728,missing_value,incident_distance_m,63.7,
EVT_00398,missing_value,signal_wait_time_s,17.0,
EVT_01269,missing_value,avg_vehicle_speed_kmph,34.3,
EVT_00772,missing_value,incident_distance_m,122.9,
EVT_00875,missing_value,rain_intensity_mmhr,0.0,
EVT_00863,missing_value,road_wetness_pct,30.9,
EVT_01467,missing_value,noise_level_db,52.7,
EVT_01834,missing_value,signal_wait_time_s,27.0,
EVT_01295,missing_value,signal_wait_time_s,80.0,
EVT_01476,missing_value,road_wetness_pct,7.6,
EVT_01556,missing_value,humidity_pct,53.3,
EVT_00448,missing_value,signal_wait_time_s,26.0,
EVT_01564,missing_value,noise_level_db,47.7,
EVT_01299,missing_value,road_occupancy_pct,52.5,
EVT_01791,missing_value,noise_level_db,50.1,
EVT_00150,missing_value,avg_vehicle_speed_kmph,4.3,
EVT_00486,missing_value,humidity_pct,72.2,
EVT_01360,missing_value,avg_vehicle_speed_kmph,6.8,
EVT_00632,missing_value,ambient_temperature_c,32.8,
EVT_00485,missing_value,incident_distance_m,37.6,
EVT_01558,missing_value,ambient_temperature_c,31.2,
EVT_01930,missing_value,visibility_m,1187.2,
EVT_01037,missing_value,incident_distance_m,4.7,
EVT_00852,missing_value,camera_exposure_score,2.8,
EVT_00715,missing_value,visibility_m,2228.6,
EVT_00021,missing_value,avg_vehicle_speed_kmph,35.3,
EVT_00185,missing_value,humidity_pct,68.8,
EVT_01150,missing_value,ambient_temperature_c,20.1,
EVT_00467,missing_value,road_occupancy_pct,53.4,
EVT_01530,missing_value,road_wetness_pct,63.0,
EVT_01553,missing_value,signal_wait_time_s,23.0,
EVT_00262,missing_value,avg_vehicle_speed_kmph,55.0,
EVT_00177,missing_value,road_wetness_pct,57.0,
EVT_00625,missing_value,road_occupancy_pct,34.5,
EVT_00454,missing_value,lane_marking_visibility_pct,75.1,
EVT_01239,missing_value,lane_marking_visibility_pct,91.2,
EVT_01018,missing_value,incident_distance_m,235.0,
EVT_00998,missing_value,signal_wait_time_s,24.0,
EVT_00603,missing_value,lane_marking_visibility_pct,75.0,
EVT_00153,missing_value,ambient_temperature_c,32.2,
EVT_01762,missing_value,road_occupancy_pct,89.9,
EVT_01861,missing_value,visibility_m,1794.0,
EVT_01932,missing_value,noise_level_db,58.0,
EVT_00913,missing_value,lane_marking_visibility_pct,77.8,
EVT_00385,missing_value,rain_intensity_mmhr,0.0,
EVT_01186,missing_value,road_occupancy_pct,37.4,
EVT_00328,missing_value,humidity_pct,70.1,
EVT_00277,missing_value,visibility_m,1166.8,
EVT_01785,missing_value,road_occupancy_pct,43.3,
EVT_01254,missing_value,ambient_temperature_c,21.6,
EVT_00180,missing_value,incident_distance_m,92.1,
EVT_00824,missing_value,signal_wait_time_s,107.0,
EVT_00648,missing_value,avg_vehicle_speed_kmph,22.4,
EVT_01006,missing_value,avg_vehicle_speed_kmph,23.8,
EVT_00841,missing_value,road_wetness_pct,2.6,
EVT_01216,missing_value,noise_level_db,69.9,
EVT_01512,missing_value,camera_exposure_score,52.7,
EVT_01023,missing_value,noise_level_db,62.9,
EVT_01036,missing_value,signal_wait_time_s,14.0,
EVT_01200,missing_value,visibility_m,1277.2,
EVT_00066,missing_value,road_occupancy_pct,33.5,
EVT_00341,missing_value,noise_level_db,44.8,
EVT_00214,missing_value,road_wetness_pct,1.6,
EVT_00213,missing_value,road_occupancy_pct,66.3,
EVT_01285,missing_value,road_wetness_pct,1.7,
EVT_01625,missing_value,ambient_temperature_c,26.4,
EVT_00496,missing_value,avg_vehicle_speed_kmph,30.2,
EVT_01926,missing_value,road_occupancy_pct,76.8,
EVT_01365,missing_value,noise_level_db,47.5,
EVT_01641,missing_value,incident_distance_m,41.9,
EVT_00017,missing_value,road_occupancy_pct,50.8,
EVT_01661,missing_value,noise_level_db,55.0,
EVT_01540,missing_value,noise_level_db,53.0,
EVT_01965,missing_value,avg_vehicle_speed_kmph,16.9,
EVT_00165,missing_value,ambient_temperature_c,23.5,
EVT_00084,missing_value,road_occupancy_pct,15.8,
EVT_01451,missing_value,humidity_pct,62.9,
EVT_01690,missing_value,visibility_m,1613.2,
EVT_01343,missing_value,visibility_m,1056.3,
EVT_01987,missing_value,ambient_temperature_c,29.9,
EVT_01973,missing_value,rain_intensity_mmhr,0.0,
EVT_01527,missing_value,lane_marking_visibility_pct,100.0,
EVT_00424,missing_value,road_wetness_pct,0.3,
EVT_01409,missing_value,road_wetness_pct,12.1,
EVT_01406,missing_value,visibility_m,1913.9,
EVT_00151,missing_value,avg_vehicle_speed_kmph,12.2,
EVT_00379,missing_value,humidity_pct,100.0,
EVT_01354,missing_value,road_wetness_pct,4.1,
EVT_01345,missing_value,signal_wait_time_s,0.0,
EVT_00351,missing_value,humidity_pct,52.5,
EVT_00078,missing_value,road_occupancy_pct,33.9,
EVT_00517,missing_value,noise_level_db,67.5,
EVT_00711,missing_value,road_wetness_pct,11.9,
EVT_01078,missing_value,camera_exposure_score,26.3,
EVT_00656,missing_value,road_wetness_pct,35.0,
EVT_00077,missing_value,lane_marking_visibility_pct,83.4,
EVT_01688,missing_value,road_wetness_pct,42.0,
EVT_01696,missing_value,avg_vehicle_speed_kmph,32.6,
EVT_00146,missing_value,incident_distance_m,54.1,
EVT_01114,missing_value,road_occupancy_pct,31.7,
EVT_01025,missing_value,road_occupancy_pct,56.0,
EVT_00909,missing_value,signal_wait_time_s,0.0,
EVT_00417,missing_value,rain_intensity_mmhr,0.0,
EVT_01033,missing_value,incident_distance_m,47.0,
EVT_01967,missing_value,noise_level_db,42.9,
EVT_01502,missing_value,camera_exposure_score,10.2,
EVT_00760,missing_value,rain_intensity_mmhr,0.0,
EVT_01172,missing_value,incident_distance_m,100.4,
EVT_01284,missing_value,humidity_pct,59.8,
EVT_01210,missing_value,incident_distance_m,11.8,
EVT_01635,missing_value,road_wetness_pct,10.5,
EVT_00363,missing_value,road_occupancy_pct,56.6,
EVT_00341,missing_value,visibility_m,1155.7,
EVT_00886,missing_value,avg_vehicle_speed_kmph,50.7,
EVT_01547,missing_value,noise_level_db,62.3,
EVT_00517,missing_value,incident_distance_m,147.4,
EVT_00173,missing_value,rain_intensity_mmhr,0.0,
EVT_00965,missing_value,lane_marking_visibility_pct,77.3,
EVT_01303,missing_value,incident_distance_m,2.9,
EVT_01992,missing_value,lane_marking_visibility_pct,87.0,
EVT_01070,missing_value,road_wetness_pct,12.7,
EVT_00725,missing_value,noise_level_db,62.4,
EVT_01574,missing_value,rain_intensity_mmhr,0.0,
EVT_01698,missing_value,lane_marking_visibility_pct,68.7,
EVT_01133,missing_value,rain_intensity_mmhr,0.0,
EVT_00595,missing_value,visibility_m,2379.4,
EVT_00530,missing_value,noise_level_db,59.8,
EVT_00102,missing_value,rain_intensity_mmhr,0.0,
EVT_01695,missing_value,camera_exposure_score,15.6,
EVT_00151,missing_value,road_occupancy_pct,44.5,
EVT_00470,missing_value,avg_vehicle_speed_kmph,15.2,
EVT_01136,missing_value,avg_vehicle_speed_kmph,37.2,
EVT_00492,missing_value,rain_intensity_mmhr,0.0,
EVT_01754,missing_value,humidity_pct,70.7,
EVT_01493,missing_value,lane_marking_visibility_pct,84.1,
EVT_01966,missing_value,camera_exposure_score,65.5,
EVT_01888,missing_value,lane_marking_visibility_pct,93.7,
EVT_00437,missing_value,rain_intensity_mmhr,0.0,
EVT_00950,missing_value,incident_distance_m,499.3,
EVT_00909,missing_value,road_wetness_pct,17.5,
EVT_00876,missing_value,ambient_temperature_c,22.5,
EVT_01489,missing_value,camera_exposure_score,68.1,
EVT_01608,missing_value,road_occupancy_pct,43.5,
EVT_00405,missing_value,signal_wait_time_s,26.0,
EVT_01728,missing_value,signal_wait_time_s,48.0,
EVT_00257,missing_value,camera_exposure_score,4.6,
EVT_01185,missing_value,camera_exposure_score,12.6,
EVT_00722,missing_value,camera_exposure_score,45.7,
EVT_00110,missing_value,ambient_temperature_c,21.7,
EVT_01968,missing_value,lane_marking_visibility_pct,79.1,
EVT_00923,missing_value,lane_marking_visibility_pct,91.0,
EVT_01972,missing_value,road_occupancy_pct,37.0,
EVT_00979,missing_value,camera_exposure_score,10.2,
EVT_01747,missing_value,incident_distance_m,50.3,
EVT_00483,missing_value,rain_intensity_mmhr,16.99,
EVT_00185,missing_value,incident_distance_m,406.3,
EVT_00054,missing_value,signal_wait_time_s,25.0,
EVT_00351,missing_value,incident_distance_m,4.3,
EVT_00113,missing_value,road_wetness_pct,32.0,
EVT_00691,missing_value,noise_level_db,58.8,
EVT_01362,missing_value,ambient_temperature_c,34.7,
EVT_00985,missing_value,avg_vehicle_speed_kmph,7.1,
EVT_01806,missing_value,humidity_pct,58.5,
EVT_01336,missing_value,incident_distance_m,454.0,
EVT_01134,missing_value,camera_exposure_score,23.7,
EVT_00622,missing_value,noise_level_db,48.8,
EVT_01987,missing_value,lane_marking_visibility_pct,91.9,
EVT_01510,missing_value,ambient_temperature_c,24.5,
EVT_00230,missing_value,signal_wait_time_s,24.0,
EVT_01673,missing_value,visibility_m,1062.5,
EVT_00684,missing_value,noise_level_db,48.9,
EVT_01933,missing_value,signal_wait_time_s,40.0,
EVT_01607,missing_value,signal_wait_time_s,43.0,
EVT_01309,missing_value,humidity_pct,59.5,
EVT_01760,missing_value,lane_marking_visibility_pct,71.6,
EVT_01731,missing_value,signal_wait_time_s,97.0,
EVT_00208,missing_value,avg_vehicle_speed_kmph,36.9,
EVT_01987,missing_value,camera_exposure_score,21.8,
EVT_00589,missing_value,avg_vehicle_speed_kmph,30.5,
EVT_01169,missing_value,signal_wait_time_s,16.0,
EVT_00988,missing_value,rain_intensity_mmhr,0.0,
EVT_00014,missing_value,road_wetness_pct,5.3,
EVT_00818,missing_value,noise_level_db,54.9,
EVT_00470,missing_value,camera_exposure_score,31.3,
EVT_01641,missing_value,ambient_temperature_c,28.3,
EVT_00754,missing_value,signal_wait_time_s,35.0,
EVT_01883,missing_value,humidity_pct,63.4,
EVT_01142,missing_value,noise_level_db,61.6,
EVT_01951,missing_value,signal_wait_time_s,24.0,
EVT_01744,missing_value,signal_wait_time_s,16.0,
EVT_00744,missing_value,humidity_pct,100.0,
EVT_01698,missing_value,ambient_temperature_c,25.1,
EVT_01745,missing_value,humidity_pct,88.5,
EVT_01343,missing_value,lane_marking_visibility_pct,91.1,
EVT_00752,missing_value,lane_marking_visibility_pct,51.9,
EVT_00673,missing_value,lane_marking_visibility_pct,75.6,
EVT_01387,missing_value,humidity_pct,60.3,
EVT_01981,missing_value,lane_marking_visibility_pct,85.2,
EVT_01833,missing_value,signal_wait_time_s,28.0,
EVT_00948,missing_value,road_occupancy_pct,67.2,
EVT_00763,missing_value,humidity_pct,69.7,
EVT_01181,missing_value,visibility_m,1423.2,
EVT_00620,missing_value,incident_distance_m,316.6,
EVT_00584,missing_value,camera_exposure_score,19.7,
EVT_01638,missing_value,humidity_pct,90.2,
EVT_01639,missing_value,rain_intensity_mmhr,3.86,
EVT_00300,missing_value,visibility_m,2331.8,
EVT_00298,missing_value,noise_level_db,60.8,
EVT_00479,missing_value,humidity_pct,57.1,
EVT_01621,missing_value,humidity_pct,70.4,
EVT_00611,missing_value,humidity_pct,80.2,
EVT_00368,missing_value,avg_vehicle_speed_kmph,22.7,
EVT_01360,missing_value,ambient_temperature_c,27.3,
EVT_01595,missing_value,noise_level_db,66.3,
EVT_00981,missing_value,road_wetness_pct,17.7,
EVT_01414,missing_value,lane_marking_visibility_pct,64.9,
EVT_00841,missing_value,signal_wait_time_s,69.0,
EVT_00488,missing_value,avg_vehicle_speed_kmph,18.7,
EVT_01437,missing_value,avg_vehicle_speed_kmph,39.8,
EVT_00124,missing_value,signal_wait_time_s,5.0,
EVT_01308,missing_value,noise_level_db,62.1,
EVT_01975,missing_value,lane_marking_visibility_pct,94.2,
EVT_00743,missing_value,signal_wait_time_s,34.0,
EVT_00626,missing_value,incident_distance_m,311.8,
EVT_01208,missing_value,camera_exposure_score,23.1,
EVT_00695,missing_value,ambient_temperature_c,22.5,
EVT_00247,missing_value,camera_exposure_score,48.9,
EVT_00209,missing_value,noise_level_db,59.0,
EVT_00286,missing_value,lane_marking_visibility_pct,82.1,
EVT_01710,missing_value,noise_level_db,65.9,
EVT_00838,missing_value,road_occupancy_pct,73.6,
EVT_01933,missing_value,road_wetness_pct,30.8,
EVT_00232,missing_value,signal_wait_time_s,33.0,
EVT_00121,missing_value,humidity_pct,52.6,
EVT_00848,missing_value,rain_intensity_mmhr,0.0,
EVT_00515,missing_value,signal_wait_time_s,68.0,
EVT_00168,missing_value,visibility_m,712.7,
EVT_00665,missing_value,road_wetness_pct,23.0,
EVT_00029,missing_value,rain_intensity_mmhr,0.28,
EVT_00763,missing_value,lane_marking_visibility_pct,88.1,
EVT_01781,missing_value,camera_exposure_score,13.2,
EVT_00362,missing_value,ambient_temperature_c,16.6,
EVT_00011,missing_value,road_occupancy_pct,30.3,
EVT_00055,missing_value,lane_marking_visibility_pct,93.6,
EVT_00603,missing_value,road_occupancy_pct,59.9,
EVT_00229,missing_value,avg_vehicle_speed_kmph,28.0,
EVT_00205,missing_value,avg_vehicle_speed_kmph,8.8,
EVT_01186,missing_value,rain_intensity_mmhr,0.0,
EVT_01920,missing_value,road_occupancy_pct,46.4,
EVT_00380,missing_value,visibility_m,844.8,
EVT_00684,missing_value,rain_intensity_mmhr,1.41,
EVT_01921,missing_value,camera_exposure_score,67.6,
EVT_00180,missing_value,camera_exposure_score,19.4,
EVT_01968,missing_value,camera_exposure_score,20.4,
EVT_01821,missing_value,humidity_pct,60.6,
EVT_00542,missing_value,noise_level_db,54.3,
EVT_00481,missing_value,noise_level_db,46.9,
EVT_00016,missing_value,lane_marking_visibility_pct,97.1,
EVT_00004,missing_value,rain_intensity_mmhr,0.0,
EVT_00209,missing_value,ambient_temperature_c,27.1,
EVT_01252,missing_value,avg_vehicle_speed_kmph,47.3,
EVT_01169,missing_value,road_occupancy_pct,15.9,
EVT_01340,missing_value,noise_level_db,59.0,
EVT_00105,missing_value,camera_exposure_score,68.2,
EVT_00152,missing_value,camera_exposure_score,33.7,
EVT_01407,missing_value,avg_vehicle_speed_kmph,53.5,
EVT_00691,missing_value,rain_intensity_mmhr,4.63,
EVT_01814,missing_value,camera_exposure_score,21.8,
EVT_00749,missing_value,incident_distance_m,330.7,
EVT_00413,missing_value,road_occupancy_pct,59.9,
EVT_00523,missing_value,signal_wait_time_s,24.0,
EVT_00028,missing_value,humidity_pct,55.0,
EVT_01538,missing_value,humidity_pct,59.8,
EVT_01464,missing_value,camera_exposure_score,63.2,
EVT_00249,missing_value,avg_vehicle_speed_kmph,52.0,
EVT_00843,missing_value,rain_intensity_mmhr,0.0,
EVT_01595,missing_value,rain_intensity_mmhr,2.72,
EVT_00914,missing_value,rain_intensity_mmhr,0.0,
EVT_01667,missing_value,signal_wait_time_s,6.0,
EVT_01314,missing_value,road_wetness_pct,12.9,
EVT_01441,missing_value,road_wetness_pct,66.7,
EVT_01811,missing_value,signal_wait_time_s,28.0,
EVT_00679,missing_value,rain_intensity_mmhr,0.0,
EVT_01593,missing_value,lane_marking_visibility_pct,77.8,
EVT_01105,missing_value,incident_distance_m,135.6,
EVT_01880,missing_value,signal_wait_time_s,27.0,
EVT_01700,missing_value,visibility_m,2406.6,
EVT_00248,missing_value,rain_intensity_mmhr,0.0,
EVT_00222,missing_value,humidity_pct,66.8,
EVT_00281,missing_value,road_wetness_pct,37.7,
EVT_01502,missing_value,rain_intensity_mmhr,4.54,
EVT_01751,missing_value,visibility_m,2204.4,
EVT_01452,missing_value,lane_marking_visibility_pct,83.5,
EVT_00625,missing_value,road_wetness_pct,10.6,
EVT_01446,missing_value,visibility_m,2782.7,
EVT_01261,missing_value,ambient_temperature_c,32.2,
EVT_01906,missing_value,camera_exposure_score,40.5,
EVT_00485,missing_value,humidity_pct,56.5,
EVT_01576,missing_value,road_wetness_pct,14.5,
EVT_01778,missing_value,ambient_temperature_c,21.4,
EVT_00845,missing_value,rain_intensity_mmhr,0.0,
EVT_00248,missing_value,signal_wait_time_s,35.0,
EVT_00176,missing_value,road_occupancy_pct,34.3,
EVT_01345,missing_value,rain_intensity_mmhr,0.0,
EVT_01142,missing_value,incident_distance_m,170.9,
EVT_01135,missing_value,avg_vehicle_speed_kmph,7.4,
EVT_01124,missing_value,ambient_temperature_c,28.3,
EVT_01601,missing_value,road_wetness_pct,2.0,
EVT_00913,missing_value,incident_distance_m,5.6,
EVT_01283,missing_value,signal_wait_time_s,82.0,
EVT_01297,missing_value,ambient_temperature_c,26.3,
EVT_01472,missing_value,noise_level_db,44.5,
EVT_01932,missing_value,ambient_temperature_c,24.1,
EVT_01912,missing_value,visibility_m,890.8,
EVT_01304,missing_value,noise_level_db,57.9,
EVT_00722,missing_value,incident_distance_m,6.7,
EVT_00818,missing_value,avg_vehicle_speed_kmph,27.1,
EVT_00762,missing_value,avg_vehicle_speed_kmph,21.9,
EVT_01765,missing_value,incident_distance_m,62.3,
EVT_01200,missing_value,noise_level_db,51.8,
EVT_00739,missing_value,humidity_pct,55.6,
EVT_00813,missing_value,humidity_pct,48.5,
EVT_00956,missing_value,signal_wait_time_s,46.0,
EVT_00545,missing_value,signal_wait_time_s,54.0,
EVT_00476,missing_value,road_wetness_pct,19.6,
EVT_00718,missing_value,lane_marking_visibility_pct,91.5,
EVT_00770,missing_value,ambient_temperature_c,29.7,
EVT_00684,missing_value,road_wetness_pct,42.2,
EVT_00734,missing_value,ambient_temperature_c,25.3,
EVT_00408,missing_value,incident_distance_m,451.2,
EVT_01009,missing_value,incident_distance_m,223.1,
EVT_00184,missing_value,camera_exposure_score,23.6,
EVT_00535,missing_value,noise_level_db,55.4,
EVT_00651,missing_value,camera_exposure_score,7.9,
EVT_01946,missing_value,incident_distance_m,8.6,
EVT_01774,missing_value,humidity_pct,68.1,
EVT_01932,missing_value,incident_distance_m,186.5,
EVT_01278,missing_value,incident_distance_m,254.8,
EVT_01438,missing_value,signal_wait_time_s,13.0,
EVT_00834,missing_value,noise_level_db,53.6,
EVT_01796,missing_value,avg_vehicle_speed_kmph,40.5,
EVT_01316,outlier,pedestrian_count,1,-58
EVT_00415,outlier,incident_distance_m,40.4,11283.73
EVT_01847,outlier,signal_wait_time_s,33.0,-310
EVT_00216,outlier,vehicle_count,28,1608
EVT_01341,outlier,humidity_pct,56.2,838.36
EVT_00916,outlier,road_occupancy_pct,23.6,649.43
EVT_00021,outlier,pedestrian_count,5,1292
EVT_01343,outlier,avg_vehicle_speed_kmph,40.2,-85.08
EVT_00044,outlier,avg_vehicle_speed_kmph,47.0,-124.17
EVT_00362,outlier,ambient_temperature_c,,-41.07
EVT_01866,outlier,signal_wait_time_s,23.0,2512
EVT_01250,outlier,visibility_m,1179.1,-5651.04
EVT_00357,outlier,visibility_m,2260.7,-3425.87
EVT_01843,outlier,road_occupancy_pct,41.7,1592.98
EVT_01098,outlier,avg_vehicle_speed_kmph,,-151.25
EVT_00107,outlier,humidity_pct,73.4,9999.0
EVT_01805,outlier,signal_wait_time_s,62.0,9999
EVT_01026,outlier,road_occupancy_pct,25.9,1081.18
EVT_01424,outlier,pedestrian_count,6,1710
EVT_00526,outlier,humidity_pct,79.0,1108.45
EVT_00972,outlier,visibility_m,1016.4,-5161.43
EVT_00661,outlier,incident_distance_m,5.1,9498.92
EVT_00876,outlier,road_occupancy_pct,73.3,-197.11
EVT_01666,outlier,pedestrian_count,25,1554
EVT_00631,outlier,pedestrian_count,2,9999
EVT_00023,outlier,humidity_pct,68.6,-85.97
EVT_01178,outlier,visibility_m,1245.8,51969.61
EVT_01627,outlier,humidity_pct,73.8,1485.0
EVT_00090,outlier,road_occupancy_pct,63.0,-107.09
EVT_01119,outlier,incident_distance_m,244.9,-563.51
EVT_00409,outlier,pedestrian_count,4,-51
EVT_01302,outlier,incident_distance_m,207.6,9999.0
EVT_00800,outlier,avg_vehicle_speed_kmph,15.4,-83.91
EVT_01426,outlier,avg_vehicle_speed_kmph,37.3,1112.27
EVT_01828,outlier,humidity_pct,68.6,1245.44
EVT_01241,outlier,pedestrian_count,7,-79
EVT_01685,outlier,road_occupancy_pct,68.4,2004.0
EVT_00754,outlier,ambient_temperature_c,29.5,9999.0
EVT_00826,outlier,signal_wait_time_s,57.0,9999
EVT_00575,outlier,avg_vehicle_speed_kmph,61.2,854.47
EVT_01339,wrong_label,label,Pedestrian_Event,Heavy_Traffic
EVT_01190,wrong_label,label,Low_Activity,Pedestrian_Event
EVT_00393,wrong_label,label,Free_Flow,Pedestrian_Event
EVT_01177,wrong_label,label,Free_Flow,Incident
EVT_00253,wrong_label,label,Heavy_Traffic,Free_Flow
EVT_01858,wrong_label,label,Free_Flow,Pedestrian_Event
EVT_01458,wrong_label,label,Incident,Heavy_Traffic
EVT_01538,wrong_label,label,Heavy_Traffic,Pedestrian_Event
EVT_01084,wrong_label,label,Free_Flow,Low_Activity
EVT_00179,wrong_label,label,Heavy_Traffic,Low_Activity
EVT_01103,wrong_label,label,Heavy_Traffic,Incident
EVT_00880,wrong_label,label,Low_Activity,Heavy_Traffic
EVT_01797,wrong_label,label,Heavy_Traffic,Pedestrian_Event
EVT_01705,wrong_label,label,Free_Flow,Pedestrian_Event
EVT_00144,wrong_label,label,Heavy_Traffic,Incident
EVT_01475,wrong_label,label,Pedestrian_Event,Incident
EVT_01588,wrong_label,label,Heavy_Traffic,Free_Flow
EVT_00306,wrong_label,label,Free_Flow,Pedestrian_Event
EVT_01071,wrong_label,label,Free_Flow,Incident
EVT_01473,wrong_label,label,Heavy_Traffic,Pedestrian_Event
EVT_01665,wrong_label,label,Free_Flow,Heavy_Traffic
EVT_01422,wrong_label,label,Low_Activity,Free_Flow
EVT_00701,wrong_label,label,Low_Activity,Incident
EVT_00099,wrong_label,label,Incident,Pedestrian_Event
EVT_00210,wrong_label,label,Heavy_Traffic,Free_Flow
EVT_01192,wrong_label,label,Low_Activity,Incident
EVT_01581,wrong_label,label,Low_Activity,Incident
EVT_00543,wrong_label,label,Incident,Low_Activity
EVT_01329,wrong_label,label,Free_Flow,Incident
EVT_01434,wrong_label,label,Free_Flow,Low_Activity
EVT_01052,wrong_label,label,Heavy_Traffic,Low_Activity
EVT_00273,wrong_label,label,Free_Flow,Pedestrian_Event
EVT_01201,wrong_label,label,Incident,Low_Activity
EVT_01572,wrong_label,label,Free_Flow,Low_Activity
EVT_00667,wrong_label,label,Incident,Pedestrian_Event
EVT_00579,wrong_label,label,Free_Flow,Low_Activity
EVT_00785,wrong_label,label,Pedestrian_Event,Heavy_Traffic
EVT_01654,wrong_label,label,Pedestrian_Event,Free_Flow
EVT_00246,wrong_label,label,Low_Activity,Incident
EVT_01295,wrong_label,label,Heavy_Traffic,Pedestrian_Event
EVT_00797,wrong_label,label,Free_Flow,Incident
EVT_00343,wrong_label,label,Free_Flow,Low_Activity
EVT_01485,wrong_label,label,Low_Activity,Free_Flow
EVT_00877,wrong_label,label,Incident,Low_Activity
EVT_00091,wrong_label,label,Free_Flow,Incident
EVT_00666,wrong_label,label,Free_Flow,Low_Activity
EVT_00802,wrong_label,label,Incident,Free_Flow
EVT_01125,wrong_label,label,Heavy_Traffic,Low_Activity
EVT_01211,wrong_label,label,Incident,Free_Flow
EVT_00668,wrong_label,label,Free_Flow,Pedestrian_Event
EVT_D0001,exact_duplicate,*,EVT_01075,EVT_D0001
EVT_D0002,exact_duplicate,*,EVT_00145,EVT_D0002
EVT_D0003,exact_duplicate,*,EVT_01019,EVT_D0003
EVT_D0004,near_duplicate,*,EVT_01820,EVT_D0004
EVT_D0005,near_duplicate,*,EVT_00260,EVT_D0005
EVT_D0006,exact_duplicate,*,EVT_01048,EVT_D0006
EVT_D0007,exact_duplicate,*,EVT_00317,EVT_D0007
EVT_D0008,exact_duplicate,*,EVT_01359,EVT_D0008
EVT_D0009,exact_duplicate,*,EVT_00451,EVT_D0009
EVT_D0010,exact_duplicate,*,EVT_01895,EVT_D0010
EVT_D0011,exact_duplicate,*,EVT_00201,EVT_D0011
EVT_D0012,near_duplicate,*,EVT_01334,EVT_D0012
EVT_D0013,near_duplicate,*,EVT_01032,EVT_D0013
EVT_D0014,exact_duplicate,*,EVT_01849,EVT_D0014
EVT_D0015,exact_duplicate,*,EVT_00341,EVT_D0015
EVT_D0016,near_duplicate,*,EVT_00427,EVT_D0016
EVT_D0017,exact_duplicate,*,EVT_01382,EVT_D0017
EVT_D0018,exact_duplicate,*,EVT_01039,EVT_D0018
EVT_D0019,near_duplicate,*,EVT_01912,EVT_D0019
EVT_D0020,near_duplicate,*,EVT_01691,EVT_D0020
EVT_D0021,exact_duplicate,*,EVT_00831,EVT_D0021
EVT_D0022,exact_duplicate,*,EVT_01291,EVT_D0022
EVT_D0023,exact_duplicate,*,EVT_01155,EVT_D0023
EVT_D0024,exact_duplicate,*,EVT_00287,EVT_D0024
EVT_D0025,exact_duplicate,*,EVT_00315,EVT_D0025
EVT_D0026,exact_duplicate,*,EVT_01728,EVT_D0026
EVT_D0027,exact_duplicate,*,EVT_00055,EVT_D0027
EVT_D0028,exact_duplicate,*,EVT_01225,EVT_D0028
EVT_D0029,near_duplicate,*,EVT_01714,EVT_D0029
EVT_D0030,exact_duplicate,*,EVT_01745,EVT_D0030
