row_id,avg_vehicle_speed_kmph,vehicle_count,pedestrian_count,road_occupancy_pct,incident_distance_m
EVT_01469,2,36.8,9.3,1,89.7
EVT_01272,23,38.9,34.6,3,430.9
EVT_00466,3,1.8,25.4,1,125.9
EVT_00034,35,10.1,64.5,22,54.3
EVT_01780,32,10.6,48.9,6,61.3
EVT_01234,11,47.7,41.3,5,229.4
EVT_00366,58,19.4,56.7,6,36.0
EVT_00471,34,14.3,68.6,5,10.6
EVT_01748,10,40.9,25.5,2,488.0
EVT_00764,6,41.1,2.6,1,77.3
EVT_00404,47,18.1,63.6,11,181.6
EVT_01106,32,15.1,53.4,5,7.6
EVT_01615,22,37.1,26.8,2,453.7
EVT_01423,17,10.0,26.4,30,72.6
EVT_00800,30,-83.91,41.9,6,408.5
EVT_01323,14,28.0,2.9,2,179.6
EVT_01793,0,20.1,42.0,44,35.5
EVT_01940,17,36.4,36.1,5,92.1
EVT_01510,24,25.6,74.2,10,8.7
EVT_00729,3,76.8,4.6,1,52.8
EVT_00768,25,15.3,77.9,3,263.5
EVT_01918,24,18.9,73.4,5,266.0
EVT_00654,7,50.5,41.3,30,74.4
EVT_00566,18,15.6,41.5,1,32.3
EVT_00606,24,43.6,43.4,1,193.8
EVT_00098,3,48.3,11.4,2,72.6
EVT_01176,17,44.7,21.9,20,59.8
EVT_00795,2,50.9,14.0,1,163.6
EVT_01187,32,27.1,37.7,8,22.6
EVT_00981,28,23.5,56.3,19,110.0
EVT_01723,27,13.8,73.4,11,309.2
EVT_00470,52,,98.4,2,330.5
EVT_01315,26,43.9,34.1,5,116.3
EVT_01762,42,22.8,,4,90.9
EVT_00026,19,34.8,14.5,4,112.3
EVT_01854,6,38.6,0.2,2,201.1
EVT_00016,30,20.9,76.2,5,276.2
EVT_00486,28,10.9,75.1,3,4.8
EVT_00216,1608,56.4,,3,152.2
EVT_01266,3,60.7,13.6,2,305.0
EVT_01745,21,44.7,36.2,1,52.7
EVT_01408,8,67.7,13.2,1,97.0
EVT_00138,12,50.2,32.7,7,43.9
EVT_01403,9,15.4,51.7,10,436.3
EVT_00217,31,20.9,67.9,2,2.1
EVT_00863,19,44.6,23.6,4,204.2
EVT_00261,43,17.8,87.6,2,283.8
EVT_01965,26,,86.0,7,
EVT_00726,16,13.7,54.6,8,18.1
EVT_00231,54,19.5,54.9,6,389.0
EVT_00248,57,37.1,26.8,4,379.0
EVT_01488,22,63.2,56.4,6,485.7
EVT_01653,22,28.1,44.3,3,107.0
EVT_01151,1,31.2,51.4,19,394.9
EVT_01596,18,39.5,40.6,2,64.5
EVT_00093,36,26.6,96.5,6,47.0
EVT_01861,28,7.0,57.0,3,124.8
EVT_01904,43,7.1,98.2,6,195.1
EVT_01503,16,0.0,26.7,2,96.0
EVT_00087,3,59.6,13.0,1,182.1
EVT_01533,14,23.5,41.0,30,
EVT_01306,4,35.2,0.0,0,238.3
EVT_00052,15,14.6,73.3,24,78.1
EVT_01741,5,19.8,28.0,33,148.9
EVT_00739,12,42.9,19.5,7,87.9
EVT_01170,6,46.9,12.0,1,245.1
EVT_00878,4,63.9,0.0,4,113.0
EVT_00997,23,52.1,31.3,2,177.5
EVT_01784,50,17.4,47.5,9,38.7
EVT_00626,19,33.0,14.1,8,
EVT_00326,26,27.6,3.1,18,323.4
EVT_01236,32,13.2,19.9,2,41.1
EVT_00561,22,36.1,40.3,15,101.9
EVT_01746,26,25.8,21.2,6,491.8
EVT_01660,16,41.9,47.9,23,73.3
EVT_01502,7,51.6,16.2,5,52.4
EVT_00373,22,29.9,16.5,11,232.7
EVT_01995,19,27.0,28.0,36,423.2
EVT_00951,14,41.3,53.0,8,137.8
EVT_01354,6,31.6,29.6,6,233.8
EVT_00062,6,16.2,48.0,1,2.4
EVT_01707,30,22.5,60.8,6,38.0
EVT_00808,6,36.4,58.9,35,302.6
EVT_01020,3,14.3,67.0,7,20.8
EVT_01632,3,76.3,9.6,0,437.4
EVT_00578,5,43.9,5.3,1,111.2
EVT_01077,25,38.7,59.5,20,447.2
EVT_01704,25,17.2,55.2,4,3.7
EVT_01136,20,,36.3,2,45.7
EVT_01871,37,18.6,76.8,10,113.5
EVT_00712,3,59.8,6.1,0,89.9
EVT_01979,33,12.8,95.9,7,66.2
EVT_00418,36,8.1,67.6,7,148.7
EVT_01601,19,20.2,40.0,15,73.4
EVT_01449,42,14.4,57.2,4,234.4
EVT_01349,12,38.3,30.8,6,67.8
EVT_01149,7,30.5,9.1,2,84.5
EVT_01289,17,3.8,56.4,15,97.6
EVT_00569,30,21.1,,3,4.0
EVT_00402,12,57.1,56.6,4,74.2
EVT_00725,45,10.6,48.0,6,35.4
EVT_01192,2,51.3,31.9,9,153.8
EVT_01029,35,10.3,69.9,10,259.8
EVT_00262,19,,37.5,4,92.3
EVT_00807,18,36.4,42.9,23,181.1
EVT_01233,47,30.5,44.9,5,410.1
EVT_00687,29,17.9,29.9,21,336.2
EVT_01178,6,46.1,2.5,0,177.7
EVT_01609,35,0.0,81.5,9,163.2
EVT_01579,30,20.6,75.1,5,48.1
EVT_00074,30,8.9,58.0,5,389.3
EVT_00917,13,14.3,23.9,2,65.4
EVT_01350,14,26.9,54.6,29,45.7
EVT_00246,7,45.1,12.5,1,134.0
EVT_01377,24,11.6,42.4,3,5.5
EVT_01563,6,57.5,28.8,6,205.3
EVT_00369,2,26.1,37.1,14,186.4
EVT_00227,0,30.0,25.6,11,107.1
EVT_00849,17,29.2,47.5,34,241.2
EVT_00581,25,6.2,30.8,3,41.0
EVT_01012,23,23.3,29.9,26,43.7
EVT_01765,31,15.0,17.9,21,
EVT_00374,10,29.9,29.4,3,174.5
EVT_00159,4,21.6,35.0,7,420.4
EVT_00383,19,1.0,39.7,30,94.5
EVT_01607,14,25.5,48.0,6,2.1
EVT_00533,19,15.0,66.6,2,4.3
EVT_00047,17,58.2,36.1,3,298.6
EVT_01251,32,43.4,25.4,9,441.1
EVT_00752,21,17.5,43.7,9,70.8
EVT_00905,16,45.6,50.3,3,90.8
EVT_00311,11,68.4,15.6,0,215.0
EVT_01639,30,31.7,45.0,6,100.8
EVT_01945,3,23.8,5.7,2,154.1
EVT_00423,13,33.8,16.7,6,70.4
EVT_00135,2,25.2,23.7,1,166.2
EVT_00106,2,44.8,52.6,28,215.7
EVT_00458,20,25.6,38.8,5,15.4
EVT_00101,22,43.0,18.9,5,68.0
EVT_00350,24,23.1,54.6,7,354.6
EVT_01445,37,18.7,63.7,8,12.5
EVT_00516,15,28.3,33.6,6,431.9
EVT_01558,14,46.0,31.4,7,123.7
EVT_00781,12,47.4,33.1,1,312.4
EVT_00166,3,32.2,2.7,0,136.4
EVT_01396,3,45.0,0.0,1,389.3
EVT_01641,9,48.0,33.8,4,
EVT_01031,26,41.0,26.9,4,208.5
EVT_01939,17,12.7,61.8,3,183.5
EVT_00263,36,26.9,33.0,5,149.8
EVT_00593,7,44.9,3.3,10,163.2
EVT_01951,27,32.9,28.3,2,142.7
EVT_00670,20,52.4,43.4,2,45.7
EVT_00032,17,42.2,46.2,4,37.2
EVT_00088,38,35.1,24.7,0,150.4
EVT_01025,35,23.0,,5,79.8
EVT_01870,23,41.6,41.7,11,51.8
EVT_01370,25,18.5,51.8,13,10.9
EVT_00097,23,41.9,24.9,4,129.8
EVT_01111,24,5.8,60.6,15,48.3
EVT_00192,14,43.1,24.6,3,258.4
EVT_00872,8,45.6,5.4,2,94.5
EVT_00065,24,25.9,48.8,14,11.2
EVT_01855,23,29.8,31.8,4,420.6
EVT_00070,35,19.7,61.6,5,192.8
EVT_00432,3,40.5,10.1,2,220.5
EVT_01955,11,50.9,19.4,6,57.3
EVT_00201,4,57.3,14.5,1,203.2
EVT_01147,35,30.6,28.4,5,490.9
EVT_01683,8,44.7,44.0,1,211.2
EVT_01763,16,20.9,61.2,12,24.9
EVT_01260,19,,28.6,12,151.1
EVT_01659,21,49.4,17.1,3,339.8
EVT_01664,6,51.7,36.1,3,169.3
EVT_01356,2,,12.4,1,193.5
EVT_00477,37,16.1,61.1,3,4.3
EVT_01516,28,19.2,15.3,3,71.0
EVT_01630,0,29.6,24.5,34,76.0
EVT_00635,13,42.5,55.5,6,181.5
EVT_01581,2,17.1,27.6,1,287.6
EVT_01363,14,46.7,34.3,9,54.6
EVT_01228,26,18.8,67.5,10,177.7
EVT_01455,27,27.4,36.1,30,127.6
EVT_00539,11,37.6,23.4,7,267.4
EVT_00641,18,6.0,59.2,10,8.0
EVT_01670,13,42.9,20.1,3,43.1
EVT_00275,11,48.2,14.2,5,181.0
EVT_01422,3,61.2,12.4,2,199.0
EVT_00850,10,17.4,60.6,1,51.0
EVT_01865,2,61.1,12.9,2,137.7
EVT_01776,0,9.6,66.2,7,5.6
EVT_00218,19,11.1,61.9,6,126.5
EVT_01308,25,39.5,15.1,5,55.2
EVT_01263,6,43.2,28.1,4,250.2
EVT_00620,19,13.2,62.9,4,
EVT_01059,9,52.5,39.7,5,291.5
EVT_01246,42,32.8,47.7,8,121.6
EVT_00083,5,45.0,17.9,0,70.4
EVT_00237,22,44.1,35.8,12,490.0
EVT_01479,37,11.2,34.8,7,44.2
EVT_01772,23,28.0,27.1,32,90.2
EVT_00272,9,42.1,52.6,33,149.2
EVT_01964,16,38.0,10.5,1,118.7
EVT_00899,12,3.9,66.2,2,69.3
EVT_00029,0,72.9,16.1,2,107.5
EVT_01060,22,41.8,42.5,3,182.6
EVT_01393,21,13.8,53.7,3,5.0
EVT_01642,17,29.9,62.6,20,347.9
EVT_00894,31,0.0,35.3,6,2.6
EVT_01736,26,27.6,28.0,3,100.1
EVT_00716,26,32.1,31.7,6,177.2
EVT_00306,19,48.4,33.5,2,46.9
EVT_00876,53,19.1,-197.11,11,40.3
EVT_01063,4,36.0,16.4,0,89.1
EVT_01535,5,31.9,16.6,1,198.6
EVT_01193,27,25.6,38.1,8,101.1
EVT_01614,27,40.2,59.5,8,47.6
EVT_00108,43,24.2,43.7,3,180.9
EVT_01574,6,33.9,5.9,2,62.5
EVT_01032,18,30.6,14.1,24,139.5
EVT_00791,40,23.9,34.5,3,131.6
EVT_00686,7,50.8,40.4,3,166.7
EVT_01663,21,25.2,53.2,13,259.0
EVT_01190,4,37.5,30.0,2,293.4
EVT_01223,24,13.2,39.6,7,6.5
EVT_00207,44,16.2,45.6,3,69.3
EVT_00534,0,55.2,15.1,19,210.0
EVT_00222,3,19.6,48.3,3,2.8
EVT_00219,22,26.6,60.3,6,4.1
EVT_00545,34,3.4,71.6,8,474.0
EVT_01858,19,21.5,40.8,2,127.9
EVT_00042,46,25.6,82.4,7,294.8
EVT_01645,23,29.6,44.9,34,366.0
EVT_01578,6,51.9,20.3,1,75.0
EVT_01398,43,10.8,78.2,6,57.7
EVT_00751,37,,42.7,6,182.9
EVT_00210,42,20.2,64.7,10,259.2
EVT_01043,0,39.7,30.9,2,103.8
EVT_00632,15,61.0,36.8,11,251.0
EVT_00005,21,23.1,20.9,10,15.7
EVT_00993,21,8.8,34.0,5,121.6
EVT_00321,20,30.6,34.6,19,445.7
EVT_00937,31,19.6,52.4,7,8.9
EVT_01821,3,45.8,25.6,2,55.4
EVT_01195,5,23.3,17.9,1,311.5
EVT_01244,9,52.7,45.7,5,140.0
EVT_01792,3,54.3,15.0,2,221.6
EVT_00978,22,30.6,23.7,6,11.2
EVT_01070,21,28.7,69.5,33,89.2
EVT_00117,4,27.1,20.4,3,191.2
EVT_01648,20,7.0,46.1,1,7.4
EVT_00860,21,25.8,46.2,18,84.4
EVT_01652,4,48.7,46.8,1,218.2
EVT_00580,8,37.1,17.0,3,183.4
EVT_00288,21,8.0,56.0,9,40.9
EVT_01412,22,0.0,38.0,20,54.9
EVT_00348,16,40.6,64.5,5,170.5
EVT_01456,34,31.7,75.3,5,47.0
EVT_01024,11,15.2,75.5,3,114.0
EVT_00375,33,11.7,53.4,11,111.3
EVT_01121,16,17.4,57.5,6,88.4
EVT_01351,32,16.3,41.8,25,125.3
EVT_00995,4,39.3,28.5,0,71.8
EVT_00689,12,,39.1,2,108.4
EVT_01284,28,34.9,61.0,30,103.7
EVT_00304,6,19.6,61.8,9,47.1
EVT_00597,8,21.9,31.0,7,376.7
EVT_01966,23,8.1,82.4,5,144.7
EVT_01693,8,41.6,10.1,1,112.8
EVT_01096,3,20.5,80.2,5,73.1
EVT_00464,16,19.8,17.7,21,187.8
EVT_00417,3,64.4,8.0,4,314.4
EVT_01920,30,67.0,,4,251.4
EVT_01169,12,63.5,,2,329.1
EVT_00588,21,35.2,23.5,2,154.2
EVT_01700,17,48.4,34.1,4,83.7
EVT_00674,21,49.1,38.7,3,228.2
EVT_01278,11,42.7,53.5,6,
EVT_00733,19,32.1,50.3,10,214.9
EVT_01538,40,0.0,55.2,3,54.8
EVT_01968,3,37.8,3.7,0,387.2
EVT_00460,23,35.4,27.6,4,161.6
EVT_D0025,24,13.0,40.0,1,4.8
EVT_00303,9,33.8,71.6,31,85.1
EVT_01210,16,13.8,54.3,5,
EVT_00111,31,10.9,72.1,2,148.3
EVT_00017,38,27.2,,3,119.7
EVT_01493,30,23.9,28.3,23,286.7
EVT_00270,42,5.8,72.7,6,35.3
EVT_00888,8,34.3,16.5,1,53.1
EVT_01258,28,45.7,30.4,4,233.0
EVT_00957,12,56.9,22.0,4,123.1
EVT_01857,35,25.6,68.2,8,89.6
EVT_01489,45,29.5,49.0,13,49.9
EVT_00174,12,36.9,24.2,0,151.4
EVT_00289,8,71.5,17.5,3,325.8
EVT_00884,15,44.8,47.0,15,66.8
EVT_00983,10,10.7,83.3,22,124.1
EVT_00442,15,26.5,30.1,2,262.8
EVT_01950,32,19.8,72.6,18,456.4
EVT_00440,26,17.0,55.7,3,2.3
EVT_01230,10,59.7,40.2,1,472.0
EVT_00300,34,34.4,30.3,6,46.4
EVT_00310,8,16.3,7.6,1,67.5
EVT_00099,15,24.5,57.2,6,83.9
EVT_01050,30,19.8,33.3,2,7.0
EVT_00202,53,6.1,42.5,9,258.7
EVT_01014,24,42.9,56.6,4,78.2
EVT_01526,33,15.9,66.6,4,442.7
EVT_00102,20,17.0,44.8,2,6.2
EVT_00489,30,35.7,31.2,7,99.9
EVT_01749,21,27.8,36.4,11,65.8
EVT_01719,12,44.4,35.9,1,241.2
EVT_01622,25,17.8,45.3,9,39.6
EVT_01073,2,31.4,14.3,2,154.6
EVT_00446,40,22.7,60.9,9,91.8
EVT_01576,4,54.8,10.1,1,168.3
EVT_00413,17,5.2,,9,211.2
EVT_00405,14,38.4,37.1,2,47.9
EVT_00490,3,47.6,17.3,1,153.8
EVT_00142,43,14.0,46.5,5,121.2
EVT_00180,41,15.3,80.1,8,
EVT_01248,24,15.0,44.8,20,88.2
EVT_01647,26,16.7,67.5,7,358.6
EVT_01127,23,16.1,89.5,4,125.6
EVT_00107,36,17.6,65.2,20,153.9
EVT_01240,15,20.3,44.5,26,316.9
EVT_00260,12,52.5,0.3,1,106.3
EVT_D0015,7,41.5,0.9,0,173.8
EVT_01972,43,21.4,,14,173.6
EVT_01823,24,6.8,64.8,4,10.0
EVT_01237,26,28.2,,3,4.2
EVT_01483,23,31.6,39.9,13,164.9
EVT_00387,12,33.4,25.2,6,47.0
EVT_01161,2,36.3,36.7,2,193.7
EVT_00818,21,,,5,260.2
EVT_00196,17,,35.6,7,367.8
EVT_00559,26,1.5,57.1,9,148.2
EVT_01292,39,18.4,75.2,8,132.5
EVT_01302,38,34.1,61.8,5,9999.0
EVT_01205,20,19.1,54.0,8,134.5
EVT_01407,18,,43.7,14,135.5
EVT_01888,0,10.6,41.6,31,219.2
EVT_01926,37,25.5,,2,62.5
EVT_01571,6,47.2,11.0,1,58.0
EVT_00856,3,66.6,21.7,0,189.6
EVT_01242,23,34.2,27.7,12,35.7
EVT_01326,12,9.0,44.0,5,94.1
EVT_00785,2,15.6,36.6,43,334.2
EVT_00634,4,56.4,27.4,1,104.2
EVT_01182,14,62.2,42.8,18,38.5
EVT_01347,2,41.6,24.6,0,162.3
EVT_01941,20,0.0,51.4,6,495.1
EVT_00449,35,20.2,48.8,5,100.4
EVT_00610,13,34.8,20.0,13,392.2
EVT_01837,6,41.8,3.1,1,91.4
EVT_00633,3,24.4,6.9,1,129.3
EVT_00434,61,16.0,73.2,6,69.0
EVT_01402,27,21.7,62.6,6,66.1
EVT_00125,6,55.7,10.6,1,267.6
EVT_00548,24,38.8,20.3,17,57.3
EVT_01885,25,14.1,69.3,7,69.1
EVT_00372,31,4.4,81.3,7,88.2
EVT_01288,12,51.4,37.1,6,234.1
EVT_00453,17,37.8,17.7,0,226.5
EVT_01509,15,39.2,33.3,5,66.2
EVT_01064,24,32.3,26.7,30,45.2
EVT_01594,6,29.1,55.7,2,25.9
EVT_01093,30,26.3,48.8,43,61.8
EVT_00945,23,46.3,37.3,7,35.5
EVT_01511,30,13.5,77.5,8,153.8
EVT_01207,18,37.8,28.8,36,68.7
EVT_01846,13,43.5,38.0,6,397.1
EVT_00195,7,25.8,28.1,3,205.6
EVT_01245,46,14.6,87.3,6,36.4
EVT_00763,7,31.0,12.6,2,90.6
EVT_00598,20,0.0,27.8,15,19.8
EVT_01775,6,36.5,16.0,0,118.5
EVT_00880,5,34.2,12.3,0,339.1
EVT_00681,20,31.6,30.6,3,114.6
EVT_01958,14,69.1,36.4,4,99.5
EVT_01213,17,17.6,50.3,9,418.2
EVT_00987,47,17.1,42.4,4,54.6
EVT_01049,31,38.8,71.5,9,61.7
EVT_01883,3,35.3,50.1,7,57.8
EVT_01214,13,19.6,46.4,20,77.8
EVT_00991,3,36.7,18.1,0,318.4
EVT_00966,21,6.7,82.8,2,59.1
EVT_01430,44,6.5,42.0,6,107.9
EVT_00877,23,30.8,49.2,5,63.1
EVT_01752,18,48.9,62.7,3,314.7
EVT_01587,26,50.4,34.0,1,44.5
EVT_01737,4,63.0,7.0,7,52.1
EVT_01808,19,9.7,36.2,9,3.2
EVT_00804,24,58.8,22.0,2,325.8
EVT_01275,25,5.7,57.4,3,161.6
EVT_01906,22,26.7,47.2,10,100.9
EVT_01927,36,12.8,71.3,0,201.3
EVT_01158,6,46.0,2.1,1,332.0
EVT_01194,45,11.9,59.7,10,46.9
EVT_01523,12,38.6,52.3,4,273.2
EVT_00531,26,12.5,41.9,14,123.1
EVT_00759,24,16.6,25.9,6,35.5
EVT_01019,18,22.7,65.8,5,61.1
EVT_00999,29,48.1,50.6,21,225.0
EVT_01773,20,24.7,39.4,7,8.4
EVT_00305,16,46.9,18.4,5,457.6
EVT_00673,2,0.0,37.1,4,7.4
EVT_D0002,39,53.5,20.9,3,44.6
EVT_00576,3,51.4,0.0,1,462.7
EVT_01279,7,38.9,31.9,4,42.8
EVT_01851,47,21.2,60.0,6,40.0
EVT_00525,19,41.8,36.6,4,210.5
EVT_01557,32,33.5,38.3,17,397.8
EVT_01922,5,63.2,21.2,2,308.6
EVT_01803,17,51.9,30.7,5,41.1
EVT_01154,5,24.4,14.1,1,237.1
EVT_01357,29,15.5,41.3,4,6.3
EVT_00230,4,25.1,10.4,3,65.0
EVT_00253,24,21.2,64.1,19,86.2
EVT_01500,14,58.7,18.5,13,68.0
EVT_00961,35,14.4,61.5,6,301.4
EVT_01923,6,,11.7,2,56.1
EVT_01973,35,12.2,33.8,4,57.4
EVT_00334,28,0.0,41.6,8,392.9
EVT_00502,29,7.0,75.3,4,33.9
EVT_01163,24,44.4,37.4,8,65.3
EVT_00396,13,27.5,39.8,27,483.8
EVT_00817,19,19.1,68.3,7,58.8
EVT_01001,14,28.2,56.2,28,302.5
EVT_00046,25,24.9,31.9,15,
EVT_00041,42,15.3,48.5,1,120.0
EVT_01218,30,13.1,93.0,4,53.0
EVT_00557,32,25.1,49.3,28,77.3
EVT_01475,4,15.8,21.0,20,62.5
EVT_00208,39,,45.7,12,36.4
EVT_01751,31,34.8,30.2,4,98.5
EVT_01902,0,21.4,52.1,12,93.0
EVT_00132,17,23.6,58.4,6,4.6
EVT_01131,3,44.8,8.4,1,285.6
EVT_01384,42,10.4,61.5,4,100.6
EVT_00524,3,58.4,24.0,7,160.3
EVT_01264,25,9.1,38.6,8,7.9
EVT_00865,29,26.2,33.7,18,155.1
EVT_01146,35,25.7,72.5,24,171.7
EVT_00661,35,14.1,41.5,23,9498.92
EVT_01621,48,16.2,53.9,5,37.4
EVT_00754,31,17.5,59.5,4,70.3
EVT_00883,3,20.0,45.5,3,81.4
EVT_01212,6,26.0,45.1,5,5.6
EVT_00730,24,14.9,39.0,7,36.0
EVT_01298,44,16.1,37.3,8,45.6
EVT_00582,30,34.4,56.1,5,112.8
EVT_00699,23,19.0,31.5,11,94.5
EVT_00006,57,40.1,72.0,6,50.8
EVT_01760,10,32.0,35.9,6,250.0
EVT_00399,55,14.9,67.3,2,62.1
EVT_00060,27,31.6,45.3,10,46.7
EVT_01974,20,14.6,61.3,0,97.7
EVT_01118,4,58.2,13.5,0,167.2
EVT_01159,18,42.2,39.7,32,60.6
EVT_01934,12,17.6,31.8,5,11.0
EVT_00838,18,15.7,,10,88.3
EVT_01528,18,7.6,67.0,11,59.8
EVT_00918,29,21.3,44.2,4,159.6
EVT_00575,20,854.47,35.1,3,93.0
EVT_01603,35,12.5,74.7,3,2.1
EVT_00738,17,32.2,39.1,3,392.6
EVT_00727,49,17.0,64.3,8,88.1
EVT_01997,41,3.9,69.2,13,40.5
EVT_00312,36,4.2,80.6,17,348.9
EVT_01665,10,52.0,3.2,4,77.5
EVT_00324,31,24.5,76.2,14,132.7
EVT_01572,26,48.2,46.8,9,190.3
EVT_00618,11,32.4,25.1,19,40.8
EVT_01822,11,49.0,33.8,6,40.6
EVT_00197,31,56.8,40.8,5,415.3
EVT_01705,14,45.8,11.4,9,62.6
EVT_01829,15,19.4,55.1,8,125.4
EVT_01411,3,54.3,43.5,20,79.0
EVT_00946,44,24.9,75.1,6,125.1
EVT_00363,33,19.7,,6,61.9
EVT_00336,7,37.4,8.6,0,244.8
EVT_01389,46,11.0,73.0,8,59.8
EVT_00755,22,17.5,58.6,9,2.6
EVT_01463,17,51.6,44.1,1,173.7
EVT_00934,35,24.4,86.6,1,471.5
EVT_01919,0,20.1,42.5,19,305.0
EVT_00583,4,29.0,5.0,0,207.1
EVT_01980,37,38.7,29.8,1,171.3
EVT_01150,7,33.3,3.3,0,57.8
EVT_01550,38,12.1,73.9,3,129.3
EVT_00996,4,5.8,13.9,3,116.4
EVT_00259,19,30.7,61.4,24,337.3
EVT_00010,13,34.4,29.8,14,37.0
EVT_01631,31,18.2,31.8,1,382.7
EVT_01473,36,22.3,74.5,19,256.5
EVT_01649,2,53.9,34.1,1,173.0
EVT_00156,16,10.5,65.2,4,
EVT_01204,16,40.0,45.7,1,195.7
EVT_01546,20,50.2,19.0,2,158.7
EVT_01140,20,18.3,82.5,3,156.3
EVT_00805,22,49.5,22.5,15,40.6
EVT_00858,1,50.3,12.9,1,245.0
EVT_00734,49,7.2,59.3,6,101.9
EVT_01041,44,26.4,55.5,7,52.7
EVT_01875,6,54.8,7.7,0,137.7
EVT_01604,0,1.3,37.7,25,101.0
EVT_00495,42,17.4,49.0,2,249.8
EVT_00574,23,18.9,55.8,5,157.5
EVT_00411,11,57.4,25.3,2,139.1
EVT_01680,23,47.8,29.7,1,455.9
EVT_01164,14,36.4,23.2,1,88.2
EVT_00182,17,40.5,28.5,3,79.2
EVT_00421,41,8.2,67.4,9,168.1
EVT_00639,15,63.5,14.8,1,102.3
EVT_00522,3,35.6,8.0,1,131.5
EVT_00234,24,31.2,31.2,11,172.2
EVT_01521,24,33.1,33.7,28,212.3
EVT_01782,43,5.5,,4,134.2
EVT_01566,18,41.6,47.8,4,261.8
EVT_00614,17,12.5,81.2,1,71.4
EVT_01681,2,52.4,12.4,1,124.4
EVT_00956,60,12.1,42.6,1,155.1
EVT_00988,6,23.2,1.0,0,307.7
EVT_01694,35,23.9,79.1,11,355.6
EVT_00508,23,6.5,68.6,2,9.8
EVT_01644,4,54.6,11.6,1,96.8
EVT_01957,36,28.1,48.5,7,183.3
EVT_00902,30,10.7,35.3,2,64.6
EVT_01143,10,59.4,15.0,2,207.3
EVT_00082,18,45.2,33.7,4,89.2
EVT_01896,17,85.5,30.2,1,197.0
EVT_01812,9,50.0,29.2,5,38.1
EVT_00772,25,25.8,56.3,6,
EVT_01429,3,22.7,32.4,24,359.8
EVT_01806,9,65.8,13.6,1,143.7
EVT_01277,16,37.2,19.8,2,198.4
EVT_00297,15,19.7,69.6,9,387.3
EVT_00705,32,28.5,41.4,11,438.7
EVT_01525,31,29.8,23.1,3,231.1
EVT_01605,16,0.0,52.7,20,466.8
EVT_00342,50,3.9,75.2,3,18.0
EVT_00897,8,22.5,0.0,2,102.3
EVT_01282,13,49.5,37.3,11,167.1
EVT_01781,19,57.4,15.9,6,54.9
EVT_01048,17,7.2,87.7,3,259.0
EVT_01036,9,17.5,9.9,36,44.5
EVT_01753,16,48.4,45.3,1,391.3
EVT_00271,36,18.1,68.4,3,434.3
EVT_00298,12,38.7,49.2,31,41.4
EVT_00266,30,19.8,66.3,4,38.6
EVT_00122,30,12.2,60.6,15,7.6
EVT_01069,14,73.1,8.7,2,260.8
EVT_00450,26,12.1,44.2,8,11.3
EVT_00284,33,20.1,53.9,9,60.7
EVT_01482,18,11.4,53.8,21,6.9
EVT_01152,4,34.5,11.7,1,177.6
EVT_01227,3,60.3,15.7,0,87.1
EVT_00910,3,66.6,0.0,0,97.7
EVT_00563,27,8.5,50.0,5,292.2
EVT_00797,10,39.3,35.9,1,54.5
EVT_01886,23,35.6,28.0,35,102.9
EVT_00846,26,39.3,34.6,6,124.5
EVT_01018,6,37.6,15.4,2,
EVT_00401,20,36.2,25.3,6,109.4
EVT_01869,30,12.6,75.5,6,93.5
EVT_01253,14,41.5,42.0,8,197.2
EVT_00293,8,26.4,23.3,3,55.4
EVT_00323,32,7.9,46.6,4,10.9
EVT_00717,18,28.9,49.7,10,190.1
EVT_01611,20,6.7,24.4,1,45.2
EVT_00328,15,67.0,,1,189.1
EVT_00874,2,26.3,19.3,0,53.6
EVT_00116,19,17.7,45.3,5,35.5
EVT_01573,41,12.0,44.2,6,383.3
EVT_00322,0,41.4,37.5,6,
EVT_00340,28,26.9,55.4,5,412.9
EVT_00157,28,12.8,77.6,2,8.3
EVT_01035,23,59.3,38.6,4,202.6
EVT_00669,56,36.4,70.7,3,217.2
EVT_01690,25,40.3,44.9,14,453.9
EVT_01508,22,35.8,40.0,1,465.7
EVT_01612,8,12.8,57.7,4,28.8
EVT_00643,34,16.0,83.0,10,148.9
EVT_01065,29,,90.7,2,67.5
EVT_00211,21,43.4,0.0,2,280.7
EVT_00761,16,35.8,20.8,17,41.3
EVT_00653,26,29.7,48.8,13,70.4
EVT_00798,22,35.8,33.4,6,37.6
EVT_00933,34,16.7,8.9,6,9.9
EVT_01139,29,35.6,50.5,7,172.0
EVT_01807,7,54.1,13.6,1,431.7
EVT_00710,4,39.4,19.4,1,289.3
EVT_01484,10,30.4,31.8,19,265.3
EVT_00892,38,19.6,48.4,2,119.2
EVT_01274,32,26.6,49.0,1,168.8
EVT_00096,15,54.2,10.3,0,131.5
EVT_00168,1,45.5,5.9,1,80.7
EVT_00663,0,18.4,48.5,2,4.2
EVT_01426,37,1112.27,66.5,12,40.4
EVT_01468,41,16.9,52.7,16,375.3
EVT_00886,7,,10.3,0,65.0
EVT_01947,41,21.5,63.9,11,156.9
EVT_01454,21,22.3,34.2,2,126.6
EVT_00344,2,17.9,23.3,2,177.7
EVT_01250,9,33.3,27.5,26,399.4
EVT_00844,8,32.5,22.9,1,125.7
EVT_01235,15,50.8,18.5,2,116.2
EVT_01098,29,-151.25,39.4,22,145.8
EVT_00084,8,40.0,,13,41.1
EVT_01992,28,26.2,52.4,8,41.4
EVT_00468,67,31.2,45.1,7,75.6
EVT_00904,16,22.7,13.4,6,108.9
EVT_00647,7,26.9,15.0,2,79.4
EVT_01804,12,16.1,21.5,3,253.7
EVT_01238,30,16.5,74.7,6,44.9
EVT_00841,35,32.0,85.6,6,180.5
EVT_01915,0,43.9,25.7,9,133.2
EVT_00859,10,50.3,21.7,6,227.7
EVT_01415,6,22.0,6.4,0,280.7
EVT_00546,3,37.6,12.0,2,98.5
EVT_00002,39,14.3,36.9,9,4.6
EVT_01675,29,33.5,28.5,2,162.8
EVT_00459,42,18.7,74.2,8,223.4
EVT_00659,51,26.6,87.7,7,226.7
EVT_00792,22,22.8,59.2,1,6.0
EVT_01307,5,50.8,11.2,1,220.0
EVT_00638,12,30.7,23.7,3,47.2
EVT_01570,11,42.7,36.9,4,85.0
EVT_00890,2,47.5,17.8,1,229.5
EVT_00857,8,48.1,40.7,3,266.9
EVT_01695,33,27.6,65.9,3,271.5
EVT_00315,24,13.0,40.0,1,4.8
EVT_01215,17,49.0,31.6,2,418.6
EVT_01878,44,21.9,29.9,17,475.7
EVT_00030,38,25.8,66.2,11,145.7
EVT_01810,5,67.7,23.4,1,394.4
EVT_D0018,45,6.6,59.3,9,50.5
EVT_00840,17,26.8,46.4,16,276.9
EVT_00119,28,20.7,51.2,13,6.5
EVT_00094,29,35.0,33.5,17,422.9
EVT_00500,15,35.9,46.7,5,72.6
EVT_01464,20,1.6,51.7,7,2.8
EVT_00827,10,46.2,32.2,3,62.2
EVT_01085,25,32.9,46.2,26,67.6
EVT_00706,41,19.8,67.2,7,269.4
EVT_00079,7,49.1,8.2,4,104.2
EVT_00656,21,31.3,41.6,2,45.0
EVT_01744,16,32.8,59.0,2,164.5
EVT_01949,5,57.8,8.0,1,47.9
EVT_01451,5,60.1,21.8,7,112.4
EVT_00528,15,36.2,12.6,3,415.1
EVT_01232,54,10.1,48.4,4,244.9
EVT_00397,4,47.8,11.0,1,389.3
EVT_01959,13,23.2,41.5,3,214.1
EVT_00906,29,24.0,53.8,28,385.0
EVT_01124,18,59.4,33.5,5,43.1
EVT_01062,36,7.1,42.7,4,408.2
EVT_00243,28,11.6,72.0,10,117.8
EVT_01859,16,20.0,28.6,16,55.4
EVT_00051,13,43.8,11.5,2,57.8
EVT_01636,24,60.3,47.5,7,45.8
EVT_00506,34,14.1,79.6,7,37.2
EVT_01172,50,31.6,80.8,5,
EVT_00356,18,21.2,67.5,19,144.7
EVT_00625,35,28.3,,30,46.5
EVT_01256,48,32.7,59.9,5,52.0
EVT_00767,37,18.9,75.0,7,114.5
EVT_01366,18,26.4,8.3,5,175.3
EVT_00181,7,3.7,25.8,14,343.4
EVT_00823,8,50.9,27.0,2,211.1
EVT_01010,49,13.1,64.7,2,342.7
EVT_01756,23,48.8,39.9,39,56.8
EVT_00671,24,26.2,49.5,11,127.1
EVT_01088,40,16.1,56.9,7,119.4
EVT_01916,14,27.3,34.9,11,477.2
EVT_00008,21,24.2,45.7,34,212.2
EVT_01835,43,8.0,60.9,8,414.3
EVT_00697,27,41.7,51.9,7,362.2
EVT_00445,19,42.6,41.5,8,63.0
EVT_00447,22,54.7,64.0,0,293.9
EVT_01733,15,33.5,19.4,2,96.4
EVT_01299,0,19.9,,2,83.8
EVT_00965,8,15.4,47.4,9,61.6
EVT_00203,8,34.3,24.2,19,78.3
EVT_00054,40,0.0,46.3,4,97.3
EVT_00660,24,58.3,35.2,4,299.0
EVT_01144,40,26.3,33.0,16,391.1
EVT_01961,5,58.2,0.0,1,88.1
EVT_00160,11,41.0,58.2,26,37.4
EVT_00481,1,39.3,8.6,0,72.6
EVT_00254,18,32.8,36.8,0,85.8
EVT_00579,11,24.7,41.7,3,35.2
EVT_01724,12,69.4,43.1,2,437.1
EVT_01750,5,52.5,41.1,0,314.6
EVT_01117,16,25.8,63.3,6,131.0
EVT_01414,14,34.3,17.3,1,168.9
EVT_00922,38,45.6,35.4,10,265.8
EVT_01441,26,43.8,35.9,9,36.6
EVT_01183,13,56.8,32.4,11,486.2
EVT_00622,11,48.8,15.0,2,141.9
EVT_00747,11,70.3,21.1,0,48.7
EVT_01794,10,0.0,14.8,19,73.7
EVT_01416,28,33.2,42.1,30,40.1
EVT_00623,36,20.9,55.3,2,358.1
EVT_01255,52,15.8,41.1,8,437.1
EVT_00403,15,38.1,9.6,1,51.6
EVT_00735,8,36.0,8.8,2,52.3
EVT_00758,40,25.1,59.5,4,170.5
EVT_01554,22,27.0,43.6,11,35.3
EVT_01764,4,34.3,18.0,2,164.6
EVT_01532,3,48.3,15.6,1,454.3
EVT_01634,2,42.2,18.9,3,134.4
EVT_00461,17,40.4,40.5,23,200.6
EVT_01470,42,14.3,61.1,4,158.7
EVT_D0012,24,57.4,22.9,5,167.06
EVT_00596,35,19.2,95.3,5,403.1
EVT_01602,22,16.4,15.6,4,2.3
EVT_01891,21,63.3,62.5,3,139.9
EVT_01461,29,28.3,51.2,6,165.6
EVT_00887,11,23.7,79.1,5,41.0
EVT_00746,55,17.8,62.2,6,156.2
EVT_D0024,8,24.4,13.4,2,216.1
EVT_01727,20,37.7,25.7,4,36.2
EVT_D0006,17,7.2,87.7,3,259.0
EVT_00386,17,3.6,61.3,3,58.9
EVT_01742,5,33.3,16.1,0,400.2
EVT_00483,37,23.3,75.0,6,77.0
EVT_01771,9,34.6,43.6,1,90.7
EVT_01562,35,14.6,67.9,7,13.1
EVT_01852,32,11.0,49.3,4,55.5
EVT_01783,16,36.4,47.1,5,66.4
EVT_00959,51,9.3,84.8,16,197.5
EVT_01450,9,4.1,78.1,5,10.2
EVT_01446,5,34.6,6.4,2,66.8
EVT_00118,29,27.4,22.9,14,43.4
EVT_00474,33,23.8,69.2,34,109.1
EVT_00058,39,30.9,48.9,22,230.1
EVT_01754,5,45.4,5.6,1,110.8
EVT_00616,22,62.0,19.9,2,399.4
EVT_01089,20,10.3,46.9,2,8.3
EVT_01045,31,28.6,41.8,1,39.0
EVT_01853,0,42.0,27.8,2,110.6
EVT_01462,2,70.1,17.3,7,295.2
EVT_01536,22,44.5,27.5,3,150.2
EVT_01517,15,40.1,48.5,22,115.5
EVT_01252,10,,7.3,2,362.8
EVT_00209,13,51.8,15.9,1,52.5
EVT_00645,8,20.6,5.6,1,380.5
EVT_00110,22,32.3,15.2,15,67.1
EVT_01548,9,44.2,8.4,1,115.8
EVT_00551,13,43.9,15.0,8,111.5
EVT_01071,26,19.2,29.2,6,491.9
EVT_00986,44,37.9,70.9,20,296.4
EVT_01129,23,63.6,26.8,2,105.2
EVT_01643,27,7.4,55.2,3,12.9
EVT_01833,7,40.6,15.6,1,298.7
EVT_01983,55,2.7,61.6,3,160.2
EVT_00909,10,67.2,55.6,10,132.7
EVT_01714,24,7.6,74.9,6,262.4
EVT_00205,23,,75.2,5,175.2
EVT_00608,5,59.2,5.3,2,349.5
EVT_01795,28,16.3,65.3,10,104.5
EVT_01531,44,11.5,62.5,6,43.3
EVT_01978,4,42.4,17.8,1,65.4
EVT_01497,56,17.3,71.0,5,149.4
EVT_00127,0,49.2,4.6,0,101.2
EVT_01506,11,36.3,28.0,4,420.8
EVT_00349,33,32.7,28.5,3,51.6
EVT_00586,2,51.4,24.4,1,108.6
EVT_01924,30,25.3,90.9,19,195.2
EVT_01211,32,29.6,91.3,4,16.9
EVT_01492,2,49.1,0.2,1,192.9
EVT_01283,26,10.5,42.2,9,26.7
EVT_00799,50,20.2,100.0,2,57.2
EVT_01180,25,44.2,35.9,2,83.3
EVT_00451,26,16.3,,12,62.1
EVT_00229,15,,40.8,4,325.5
EVT_00035,33,7.3,,8,67.1
EVT_01809,34,47.0,47.0,4,488.2
EVT_00037,11,9.9,76.7,8,2.6
EVT_01743,15,41.2,29.3,1,140.3
EVT_01620,3,78.0,9.0,1,95.7
EVT_01101,11,25.2,52.6,18,37.3
EVT_01761,48,13.7,53.9,15,134.9
EVT_01976,23,16.8,39.2,15,148.2
EVT_01842,38,2.5,89.2,9,67.7
EVT_00148,32,15.0,56.6,4,116.7
EVT_01044,26,16.3,14.1,36,47.4
EVT_01818,8,53.5,5.4,0,166.6
EVT_00482,21,0.0,19.4,32,387.3
EVT_00080,28,8.6,45.0,2,38.9
EVT_01196,26,12.9,84.9,6,154.6
EVT_01132,26,24.1,72.1,6,23.7
EVT_00972,24,10.2,66.0,5,
EVT_01486,0,47.8,17.5,2,310.2
EVT_00624,18,57.5,24.1,2,47.7
EVT_00684,0,9.2,27.8,10,57.5
EVT_00629,8,52.5,6.2,2,101.0
EVT_01312,31,28.1,63.5,26,105.3
EVT_01567,37,16.9,81.8,7,83.9
EVT_00022,2,54.2,13.5,1,207.0
EVT_01862,17,18.1,55.5,26,338.2
EVT_00090,24,38.0,-107.09,35,106.1
EVT_01930,4,36.1,15.9,0,64.8
EVT_01082,20,15.7,26.6,15,418.2
EVT_01662,22,54.3,15.4,4,82.2
EVT_00683,41,27.6,65.3,11,52.0
EVT_01385,3,17.0,13.8,2,101.3
EVT_00943,23,52.0,40.4,3,394.3
EVT_00393,27,49.3,22.5,3,240.4
EVT_00685,33,23.6,58.4,10,3.6
EVT_01540,22,39.3,26.9,4,85.9
EVT_01544,18,42.6,2.2,5,356.7
EVT_01827,10,39.6,10.1,1,238.2
EVT_00056,25,,69.4,6,190.7
EVT_00607,17,16.0,55.5,21,46.1
EVT_00161,5,39.0,18.9,0,59.9
EVT_01815,4,33.2,7.0,1,495.4
EVT_01217,12,35.7,30.9,3,103.8
EVT_01435,15,43.8,27.3,9,94.6
EVT_00760,17,44.8,26.9,4,435.0
EVT_00916,21,36.8,649.43,6,153.8
EVT_00015,33,20.6,80.5,11,48.4
EVT_01285,5,13.7,39.7,1,57.1
EVT_00592,2,47.7,13.9,1,77.2
EVT_01008,2,42.7,12.1,0,440.5
EVT_01135,38,,65.3,10,205.7
EVT_01661,23,31.1,82.1,16,141.5
EVT_00611,1,49.8,14.3,1,362.3
EVT_00365,23,6.3,51.7,2,
EVT_00570,28,47.6,22.0,4,394.0
EVT_01825,31,21.5,33.3,13,473.6
EVT_01824,14,28.9,25.1,0,139.5
EVT_01569,23,17.4,70.6,8,61.9
EVT_00013,33,33.2,66.5,28,50.4
EVT_01165,3,71.1,3.2,4,53.8
EVT_00454,22,31.5,32.7,33,122.6
EVT_00256,15,45.6,29.4,5,62.3
EVT_00694,36,10.1,56.1,3,42.5
EVT_00507,21,15.9,34.6,38,223.1
EVT_01944,1,10.1,50.8,15,70.0
EVT_01107,48,16.2,68.8,12,86.6
EVT_00605,4,26.9,39.1,8,177.2
EVT_01619,32,34.1,62.9,5,38.3
EVT_00777,4,19.3,3.2,1,62.6
EVT_01168,25,23.1,83.3,4,177.4
EVT_00822,33,12.8,49.1,4,314.8
EVT_01999,26,38.2,32.8,8,58.5
EVT_00982,5,62.4,4.9,2,271.5
EVT_00612,31,21.6,66.3,1,81.4
EVT_01405,15,44.1,16.0,5,73.0
EVT_00790,18,5.0,22.5,4,12.4
EVT_01480,0,5.8,29.5,3,24.6
EVT_01091,10,33.8,25.2,17,150.7
EVT_01747,26,5.5,87.5,2,
EVT_01496,23,53.3,38.6,5,35.3
EVT_01629,5,52.2,5.6,1,233.7
EVT_01262,30,28.1,31.6,18,106.5
EVT_01843,42,23.6,1592.98,5,3.0
EVT_01932,21,33.9,48.6,14,
EVT_00907,5,26.1,13.0,0,116.9
EVT_01346,37,17.1,81.8,4,32.7
EVT_00292,41,22.5,84.1,15,425.5
EVT_01186,11,46.8,,2,119.3
EVT_00527,34,21.3,73.5,6,277.5
EVT_00745,37,46.0,59.2,7,331.0
EVT_01120,20,62.1,43.3,1,63.3
EVT_01058,40,4.3,68.1,8,102.5
EVT_00870,28,,73.5,13,7.2
EVT_00869,45,14.4,64.9,15,409.4
EVT_00963,13,47.3,31.8,2,73.1
EVT_01401,1,53.9,11.4,2,314.7
EVT_00756,6,35.5,43.7,6,92.2
EVT_01321,30,17.2,69.3,7,104.5
EVT_00467,21,3.7,,14,92.7
EVT_01421,8,12.2,48.5,6,193.0
EVT_01397,4,56.8,5.6,0,237.2
EVT_00436,13,20.0,27.2,15,96.8
EVT_01485,18,68.7,4.7,2,48.8
EVT_00172,22,48.7,29.7,7,339.6
EVT_00346,5,32.8,8.7,0,158.0
EVT_00226,12,27.1,48.0,36,144.6
EVT_01937,9,38.6,53.0,3,96.1
EVT_00830,29,22.0,44.0,7,140.5
EVT_00573,27,41.1,41.1,27,118.3
EVT_00392,33,31.4,49.0,5,110.8
EVT_01057,7,61.8,10.6,1,107.5
EVT_00731,30,58.1,20.3,0,319.6
EVT_01868,25,21.9,19.8,18,172.5
EVT_01372,53,16.1,46.6,8,182.0
EVT_01381,3,45.6,12.9,0,72.1
EVT_00591,26,45.3,15.5,3,328.4
EVT_01556,31,23.1,32.7,21,102.0
EVT_01440,20,34.3,29.5,23,88.6
EVT_01790,28,47.8,42.1,1,119.1
EVT_00278,37,23.8,68.8,7,188.2
EVT_01798,44,22.0,51.7,10,270.8
EVT_01305,29,43.4,27.4,8,57.0
EVT_01519,30,14.1,65.1,6,409.4
EVT_01320,4,50.3,14.0,0,108.4
EVT_01515,23,30.1,50.5,19,42.5
EVT_00562,48,0.0,84.2,5,169.6
EVT_00873,49,12.2,92.3,2,172.6
EVT_00695,27,15.4,61.7,6,72.2
EVT_00845,40,0.1,83.7,6,2.7
EVT_00395,50,18.2,56.9,5,231.5
EVT_D0017,29,9.5,59.7,6,110.7
EVT_01122,44,0.0,39.0,5,200.2
EVT_00212,17,16.2,27.1,5,92.7
EVT_01975,22,17.4,71.6,5,116.2
EVT_D0004,14,49.5,25.8,5,48.5
EVT_01954,15,13.6,77.8,5,227.8
EVT_00514,4,41.9,26.6,1,168.6
EVT_01295,45,10.4,50.1,3,423.9
EVT_00109,41,22.6,56.4,6,230.5
EVT_01331,5,39.1,14.7,1,143.0
EVT_00924,35,22.9,78.3,7,208.3
EVT_01335,21,27.7,63.0,9,5.3
EVT_00249,3,,2.1,2,214.5
EVT_D0028,24,58.1,40.1,6,36.7
EVT_00358,45,4.2,73.9,5,274.0
EVT_00594,16,51.9,9.4,1,136.1
EVT_00427,38,24.2,74.6,6,14.0
EVT_00903,26,40.6,44.4,2,97.7
EVT_01942,22,20.9,44.3,9,82.5
EVT_00940,14,40.6,22.7,5,45.9
EVT_01910,5,69.2,2.6,1,201.1
EVT_00535,14,,34.6,7,18.7
EVT_01028,26,30.2,73.6,4,233.9
EVT_00568,13,23.2,35.1,16,35.4
EVT_01706,18,19.4,52.1,5,3.7
EVT_00140,28,57.3,35.8,22,38.0
EVT_00355,16,38.5,0.0,4,48.3
EVT_01003,26,44.9,20.7,4,75.6
EVT_01553,4,68.0,17.0,1,145.6
EVT_01201,2,9.0,,1,59.6
EVT_01013,23,20.5,51.2,7,139.9
EVT_01459,27,34.9,30.5,3,49.0
EVT_00646,44,14.4,87.9,5,71.0
EVT_00928,23,50.4,25.9,2,87.0
EVT_00757,1,9.7,45.8,15,3.4
EVT_00968,6,61.6,20.8,1,455.3
EVT_01830,21,57.4,5.4,13,161.3
EVT_00740,10,38.6,40.8,3,76.3
EVT_01113,21,42.5,29.3,4,95.5
EVT_00783,26,21.6,29.0,31,125.1
EVT_01084,14,55.1,30.5,8,80.6
EVT_00313,23,25.3,64.7,8,129.2
EVT_00958,20,28.1,31.0,27,40.1
EVT_00565,28,41.4,14.7,0,72.8
EVT_01518,19,8.2,47.1,8,8.6
EVT_00165,4,40.5,7.2,1,148.4
EVT_01203,0,11.4,29.4,6,38.6
EVT_00867,4,48.3,27.6,1,138.3
EVT_00703,35,12.3,72.5,3,5.6
EVT_01929,4,47.7,0.2,4,215.6
EVT_01718,15,39.8,18.0,4,39.0
EVT_01801,3,64.6,21.2,2,151.0
EVT_01376,32,29.7,,13,145.9
EVT_01595,36,37.5,60.1,28,161.6
EVT_01368,10,31.6,31.3,8,63.8
EVT_01294,4,48.9,31.0,1,151.3
EVT_00462,28,19.4,57.8,8,60.5
EVT_01053,11,38.6,25.1,1,55.4
EVT_00232,16,15.4,78.8,7,116.3
EVT_00728,42,15.4,28.2,6,29.5
EVT_01759,38,14.2,54.6,16,407.2
EVT_01650,15,38.1,41.5,4,213.4
EVT_00150,24,,69.2,16,53.0
EVT_00655,30,28.9,75.5,2,30.2
EVT_00038,7,17.0,65.2,10,20.9
EVT_01879,30,24.1,70.3,6,214.5
EVT_01310,10,48.0,21.0,19,56.4
EVT_01109,45,13.1,51.4,2,6.7
EVT_00820,9,28.4,58.1,22,317.1
EVT_01009,0,25.7,31.0,21,
EVT_01390,32,25.4,49.5,32,159.4
EVT_00301,33,7.8,85.4,8,150.0
EVT_01099,26,25.8,53.6,7,41.1
EVT_00071,22,54.3,37.0,7,389.5
EVT_00847,35,13.0,57.3,19,375.5
EVT_00391,19,28.1,29.6,1,45.9
EVT_01179,28,3.2,68.0,4,35.3
EVT_01296,22,8.1,15.7,2,60.8
EVT_00776,47,13.1,66.0,14,277.9
EVT_01046,4,13.0,12.3,13,46.2
EVT_00265,71,20.9,46.0,2,244.3
EVT_00973,39,23.2,47.1,21,69.0
EVT_00153,15,23.5,41.9,29,38.0
EVT_01110,3,2.2,51.3,15,53.6
EVT_01373,12,25.8,68.7,10,71.1
EVT_00542,19,34.5,51.4,4,40.5
EVT_01267,6,29.7,13.7,3,58.8
EVT_00007,4,26.5,13.4,1,110.7
EVT_00086,4,64.0,5.6,2,442.1
EVT_01864,4,39.9,24.4,1,302.2
EVT_01094,3,47.7,21.9,3,85.8
EVT_01903,4,43.8,12.2,3,297.3
EVT_01703,21,32.1,16.4,5,93.5
EVT_01339,0,34.8,46.5,5,45.8
EVT_01720,35,26.2,45.4,4,44.4
EVT_00923,27,30.5,68.5,7,25.9
EVT_01901,29,7.0,33.7,8,14.5
EVT_01504,32,11.2,72.5,14,261.0
EVT_01610,19,46.2,30.2,3,225.1
EVT_01185,12,45.5,12.3,1,64.5
EVT_01907,30,19.1,69.2,4,7.1
EVT_00762,31,,60.8,4,256.8
EVT_00701,5,16.6,1.3,0,73.1
EVT_01387,16,56.1,9.8,7,71.2
EVT_01998,6,8.8,57.4,3,2.8
EVT_01243,32,7.1,63.9,3,165.7
EVT_01586,40,14.6,33.5,18,108.6
EVT_01691,39,23.7,64.5,3,321.3
EVT_00151,14,,,29,182.9
EVT_00572,34,26.9,54.7,5,70.9
EVT_01689,29,36.3,47.2,30,147.0
EVT_00984,31,18.3,61.5,11,341.8
EVT_00472,13,23.4,16.9,1,49.2
EVT_01590,2,57.4,17.0,0,185.8
EVT_01424,22,18.3,72.5,1710,126.7
EVT_00444,11,33.7,10.8,2,57.7
EVT_00057,25,34.8,30.9,13,303.4
EVT_01419,34,33.7,19.5,8,61.0
EVT_01555,31,24.9,87.6,8,59.1
EVT_00491,4,34.6,39.7,3,385.8
EVT_01495,36,39.9,50.8,28,67.9
EVT_01687,12,57.1,32.7,3,185.9
EVT_00815,2,45.6,22.8,0,491.5
EVT_01900,23,41.5,27.9,7,56.9
EVT_00948,35,22.6,,5,114.4
EVT_00769,18,38.3,30.6,7,68.9
EVT_01788,32,3.4,53.2,34,35.1
EVT_01735,41,6.4,55.8,4,205.1
EVT_01606,28,18.7,73.8,5,60.3
EVT_00241,18,46.4,26.3,4,287.9
EVT_00501,4,67.3,20.7,0,358.3
EVT_01971,21,54.0,19.8,3,386.7
EVT_00380,0,43.9,30.0,15,150.8
EVT_00274,19,17.9,26.1,4,76.9
EVT_01104,11,52.6,7.3,1,137.7
EVT_01199,10,46.7,33.1,2,315.4
EVT_00400,58,9.1,52.7,6,230.4
EVT_01731,54,12.2,67.9,7,103.8
EVT_01081,25,18.7,86.0,4,11.7
EVT_00036,27,11.9,39.8,29,400.8
EVT_00235,26,8.7,42.2,6,5.7
EVT_00285,0,3.0,51.6,4,4.9
EVT_D0014,18,22.8,79.7,9,240.4
EVT_01191,19,37.0,32.7,27,316.4
EVT_00359,6,44.2,12.2,1,58.4
EVT_00813,5,49.4,8.5,2,127.6
EVT_00537,17,15.3,84.6,2,17.6
EVT_00900,15,50.4,18.0,5,283.8
EVT_01676,15,63.8,40.8,4,145.7
EVT_00718,6,60.3,9.9,0,91.4
EVT_00480,16,0.0,18.2,32,65.6
EVT_01026,0,38.8,1081.18,4,396.1
EVT_00885,3,65.8,27.5,0,71.1
EVT_01444,20,24.2,11.3,28,74.4
EVT_00204,6,65.4,13.3,2,197.2
EVT_00381,15,42.4,17.3,3,75.4
EVT_00437,4,33.1,44.2,17,455.0
EVT_01202,13,37.7,32.9,1,37.1
EVT_00866,43,19.9,81.9,5,85.6
EVT_01722,18,22.7,61.5,5,44.2
EVT_01805,15,8.5,51.5,27,345.2
EVT_01514,17,37.9,52.3,9,74.1
EVT_01796,18,,27.2,5,56.4
EVT_00691,29,26.9,18.4,33,154.6
EVT_00806,16,52.3,23.3,2,329.2
EVT_00435,19,61.3,40.9,2,87.5
EVT_00774,11,49.1,22.1,3,168.0
EVT_00075,20,12.9,32.8,4,55.7
EVT_01908,15,48.4,33.0,4,148.0
EVT_D0007,31,42.4,30.2,17,50.4
EVT_00320,12,29.5,18.1,0,54.8
EVT_01155,25,32.2,9.7,6,193.7
EVT_01287,3,42.1,15.9,1,236.9
EVT_00258,0,17.8,46.0,22,352.4
EVT_D0005,12,52.5,0.3,1,106.3
EVT_01624,9,14.5,40.1,21,285.7
EVT_01229,27,43.4,22.6,3,74.9
EVT_00429,31,52.7,39.0,10,176.7
EVT_01678,34,14.5,22.2,12,55.4
EVT_01362,27,26.5,69.3,5,12.5
EVT_00115,22,34.6,10.6,1,453.4
EVT_01674,51,14.4,77.8,7,202.3
EVT_00134,43,23.8,71.3,7,49.3
EVT_01116,8,57.9,5.7,1,114.9
EVT_00714,14,52.4,60.4,2,114.7
EVT_00121,42,20.5,51.7,15,86.1
EVT_01726,1,59.0,28.5,1,95.2
EVT_01953,28,17.5,53.1,29,47.0
EVT_00050,12,31.3,18.9,5,108.4
EVT_00144,46,26.8,65.1,8,155.2
EVT_01311,25,37.9,25.6,3,40.8
EVT_01383,22,49.2,31.3,22,488.5
EVT_01547,44,22.6,70.0,5,396.0
EVT_00700,10,11.0,56.9,5,22.5
EVT_01599,31,21.0,5.9,17,291.9
EVT_00949,25,15.2,68.4,22,420.2
EVT_00985,38,,84.1,7,66.6
EVT_00861,26,19.3,65.7,17,54.3
EVT_00766,29,28.1,66.4,5,140.7
EVT_01646,46,7.8,60.9,8,263.7
EVT_01537,28,6.3,38.8,20,49.6
EVT_00025,33,45.9,26.8,10,189.2
EVT_00554,7,58.4,52.3,3,474.3
EVT_00092,4,26.6,36.0,0,44.5
EVT_00771,23,,23.1,3,112.4
EVT_D0023,25,32.2,9.7,6,193.7
EVT_00335,43,31.6,45.2,8,47.3
EVT_01778,26,54.8,24.0,3,91.7
EVT_00875,20,16.8,42.3,13,126.5
EVT_00720,22,34.9,38.6,5,423.5
EVT_01948,11,52.1,34.2,1,280.9
EVT_00567,9,38.7,58.7,23,103.3
EVT_01671,20,60.3,42.1,5,52.4
EVT_00753,42,26.3,60.1,5,58.0
EVT_01925,24,25.3,47.9,9,139.7
EVT_00811,4,29.7,27.3,8,237.6
EVT_00120,6,18.3,40.3,26,90.0
EVT_01270,10,21.2,29.7,11,240.5
EVT_01817,23,11.5,66.2,2,3.5
EVT_01633,31,39.9,30.0,13,56.8
EVT_01452,7,19.9,15.5,1,123.9
EVT_00668,15,46.9,37.1,7,403.8
EVT_01986,28,38.5,70.0,4,35.7
EVT_00595,7,48.5,25.8,5,52.7
EVT_01884,45,14.0,73.7,4,61.1
EVT_01552,7,15.2,31.5,9,59.0
EVT_00960,38,17.1,3.5,6,99.9
EVT_00169,10,52.3,9.4,1,201.7
EVT_00587,18,42.3,27.9,12,252.3
EVT_00191,1,61.6,10.9,0,309.1
EVT_00291,27,29.5,32.9,7,23.6
EVT_00370,9,29.9,46.3,12,85.2
EVT_00177,12,61.2,41.9,9,50.3
EVT_00019,19,17.2,47.0,13,328.5
EVT_01799,38,10.3,87.0,11,117.6
EVT_D0030,21,44.7,36.2,1,52.7
EVT_00255,29,44.8,27.4,3,96.6
EVT_00941,13,30.8,18.9,6,248.7
EVT_01406,8,25.7,21.6,12,43.6
EVT_01597,54,,86.1,1,286.9
EVT_01938,19,13.9,79.3,4,440.8
EVT_01337,15,55.6,50.7,4,153.5
EVT_00147,7,45.7,32.1,24,82.7
EVT_00994,44,6.9,68.2,10,12.6
EVT_01358,35,20.2,63.6,4,66.2
EVT_00613,30,45.3,56.0,29,74.9
EVT_01819,5,51.0,26.0,12,197.4
EVT_01160,3,54.1,3.6,2,439.0
EVT_00552,34,12.6,77.1,11,260.0
EVT_01087,17,45.6,45.9,5,103.1
EVT_01379,37,5.1,86.9,14,37.6
EVT_01779,20,19.2,37.5,30,176.8
EVT_00615,22,19.6,58.3,9,178.9
EVT_01206,30,11.0,41.6,6,389.3
EVT_01654,29,34.6,41.3,19,41.3
EVT_01584,43,9.0,78.6,6,139.5
EVT_01786,15,37.3,34.6,5,68.4
EVT_01889,21,13.5,37.3,22,115.9
EVT_00493,22,29.0,32.3,23,82.9
EVT_01042,4,29.3,18.5,3,349.5
EVT_01079,11,59.0,35.0,3,274.2
EVT_01188,3,71.8,27.0,3,150.7
EVT_01007,26,48.7,27.3,2,68.5
EVT_00338,20,17.0,46.6,3,150.4
EVT_01897,11,49.0,35.7,1,69.1
EVT_01340,12,64.6,,1,306.2
EVT_01476,6,41.2,42.1,6,235.4
EVT_00198,30,33.3,43.9,6,38.0
EVT_00667,46,19.7,40.9,3,3.7
EVT_01175,19,7.1,43.4,5,17.9
EVT_00538,10,24.1,25.3,1,87.5
EVT_01638,2,42.3,14.9,2,312.7
EVT_00077,21,46.6,29.9,1,197.8
EVT_00604,19,13.0,30.2,3,12.4
EVT_00636,12,21.2,67.2,31,453.0
EVT_01442,26,7.5,58.2,4,4.6
EVT_01917,22,11.8,69.6,6,11.5
EVT_00187,5,61.8,9.3,0,94.2
EVT_01138,37,24.8,73.8,5,57.1
EVT_01988,26,33.5,39.4,3,100.2
EVT_00085,32,13.9,72.3,5,258.2
EVT_00532,24,53.6,22.1,7,165.3
EVT_01388,0,24.2,52.2,19,62.0
EVT_01006,58,,70.0,7,181.1
EVT_00765,14,41.1,11.9,3,
EVT_D0026,33,38.7,38.8,7,
EVT_01658,28,0.0,82.9,5,155.1
EVT_01893,48,8.6,22.0,2,460.5
EVT_01352,37,,47.7,3,2.3
EVT_00839,30,26.2,56.3,14,77.3
EVT_01608,45,29.0,,19,254.4
EVT_00893,3,37.2,6.1,1,155.2
EVT_01297,10,42.8,31.1,0,225.7
EVT_00821,16,42.0,30.5,5,36.2
EVT_00188,20,39.4,19.3,8,201.6
EVT_00741,5,73.6,4.2,0,408.1
EVT_00012,22,17.5,57.3,2,35.0
EVT_01324,12,33.9,18.4,9,39.7
EVT_00329,32,15.0,33.4,3,13.7
EVT_00003,18,49.1,39.9,1,103.7
EVT_00023,30,30.6,34.1,4,481.1
EVT_01224,29,35.6,39.0,35,220.6
EVT_01448,17,32.6,37.6,2,158.0
EVT_00416,7,22.4,58.1,8,122.2
EVT_00103,3,41.4,47.1,8,45.7
EVT_00389,16,32.7,18.9,3,37.7
EVT_01316,6,34.2,13.2,-58,70.1
EVT_00825,40,30.1,52.0,5,70.6
EVT_00494,25,48.1,41.4,4,230.1
EVT_01655,20,34.4,27.3,6,47.2
EVT_01564,20,9.8,31.7,18,78.4
EVT_01828,17,30.8,28.7,4,69.1
EVT_01249,8,21.9,38.8,1,62.1
EVT_00499,13,22.2,30.1,12,233.1
EVT_01845,14,18.0,64.4,8,169.0
EVT_00601,45,19.1,53.2,5,278.2
EVT_00836,41,29.0,61.0,9,73.9
EVT_00631,17,42.4,38.1,9999,145.0
EVT_00964,22,13.9,43.7,10,42.7
EVT_00361,26,5.6,52.7,2,3.0
EVT_01887,44,15.1,73.1,5,197.6
EVT_01969,17,48.2,50.1,2,113.0
EVT_00926,24,39.2,31.0,5,216.1
EVT_01103,61,10.1,75.1,10,173.2
EVT_00742,22,26.9,40.6,9,48.1
EVT_00130,4,62.1,9.4,4,382.5
EVT_00410,19,34.5,36.1,5,38.5
EVT_01221,38,14.4,58.3,9,70.5
EVT_00637,16,39.7,31.6,7,107.2
EVT_01338,23,33.0,60.4,42,52.9
EVT_00609,21,22.2,58.4,3,20.8
EVT_01943,1,32.2,7.9,3,401.9
EVT_01052,39,24.1,79.3,2,370.2
EVT_01432,2,34.8,12.3,1,48.5
EVT_01688,20,45.9,19.2,0,101.7
EVT_01721,43,2.1,85.1,9,38.4
EVT_00245,16,4.7,73.1,3,112.3
EVT_00027,12,17.4,8.5,12,138.1
EVT_01034,22,24.4,28.6,2,27.2
EVT_01200,54,14.2,27.6,2,211.1
EVT_00599,3,43.1,0.0,2,66.5
EVT_01637,25,7.2,54.7,5,66.0
EVT_01585,8,26.9,19.8,3,246.3
EVT_01710,35,22.3,42.8,12,33.7
EVT_00240,1,49.0,19.2,0,58.4
EVT_00407,42,31.6,43.8,4,361.9
EVT_00104,26,17.0,54.9,2,19.0
EVT_01428,1,40.6,58.6,21,47.3
EVT_00541,25,24.6,86.2,6,278.3
EVT_00921,23,45.0,22.1,13,210.8
EVT_01542,2,26.6,8.3,8,101.2
EVT_01092,18,40.0,32.7,17,36.0
EVT_00162,54,8.6,56.1,7,254.9
EVT_00479,20,39.5,28.6,8,178.1
EVT_00299,13,54.3,9.5,1,72.9
EVT_01072,9,24.0,33.3,28,36.6
EVT_00666,18,37.8,47.1,2,279.6
EVT_00709,13,3.0,26.0,9,2.6
EVT_01105,12,60.8,29.9,4,
EVT_01198,0,31.1,48.0,5,2.8
EVT_01017,43,11.8,76.1,2,16.1
EVT_00794,42,14.7,81.5,6,39.2
EVT_01577,17,10.2,22.6,15,258.7
EVT_00590,0,53.9,39.2,3,42.4
EVT_00971,23,29.8,29.0,18,54.9
EVT_00816,10,27.6,62.7,19,382.8
EVT_01141,7,51.3,27.6,0,490.3
EVT_01380,43,1.2,76.2,17,57.2
EVT_00908,15,47.7,25.1,24,124.3
EVT_01360,51,,88.1,8,155.3
EVT_01167,23,54.9,35.5,5,221.7
EVT_01732,16,43.4,15.3,3,96.2
EVT_00843,6,39.1,9.8,0,92.1
EVT_00889,32,1.3,48.2,15,14.7
EVT_01386,29,18.6,59.5,10,50.6
EVT_00796,5,47.8,35.3,7,57.4
EVT_00938,3,35.0,7.2,1,258.6
EVT_00390,31,19.4,37.3,2,23.0
EVT_01395,28,35.2,49.0,20,298.6
EVT_01061,5,40.9,0.0,0,251.6
EVT_01836,13,44.8,40.5,22,179.6
EVT_00105,26,3.1,80.8,3,38.9
EVT_01418,23,19.2,58.2,6,96.1
EVT_00543,41,6.7,48.4,9,3.7
EVT_01987,29,48.9,,2,310.7
EVT_D0027,5,79.4,0.0,2,438.7
EVT_01575,32,14.9,80.4,7,90.5
EVT_01708,10,39.8,29.8,3,464.1
EVT_00223,15,51.5,0.0,5,57.0
EVT_01313,4,59.2,2.1,1,49.8
EVT_01157,29,55.4,30.9,4,72.7
EVT_01881,31,13.4,48.0,11,4.6
EVT_01128,0,11.4,27.4,28,400.1
EVT_01933,19,30.2,17.9,36,131.7
EVT_00510,25,37.7,55.2,9,73.0
EVT_01625,49,27.0,81.5,11,187.5
EVT_00081,16,38.9,23.1,4,44.9
EVT_01181,10,13.1,3.7,1,262.5
EVT_00837,11,37.6,35.9,27,298.1
EVT_01348,4,55.7,19.7,1,287.0
EVT_00487,12,43.6,33.2,6,126.5
EVT_00662,1,43.1,9.4,1,79.5
EVT_00834,18,35.4,25.7,5,37.1
EVT_00364,36,16.1,22.4,7,2.7
EVT_00851,41,36.7,82.7,4,235.1
EVT_01437,29,,22.9,7,188.3
EVT_00001,27,13.0,51.7,8,47.4
EVT_00143,16,25.1,17.8,5,80.0
EVT_00672,12,41.3,35.8,38,62.7
EVT_01785,34,29.8,,6,459.0
EVT_00076,13,15.1,28.8,39,74.7
EVT_01209,3,41.2,23.1,1,165.5
EVT_01717,2,33.6,37.1,6,222.3
EVT_00786,30,2.4,42.8,29,297.9
EVT_01286,34,7.3,67.2,3,287.4
EVT_00748,20,20.3,56.0,8,75.8
EVT_01529,3,39.8,16.7,1,200.7
EVT_00848,17,51.0,23.0,19,39.4
EVT_01293,39,5.9,64.5,14,40.9
EVT_01698,15,59.1,24.8,1,410.7
EVT_01787,39,0.0,33.2,6,56.0
EVT_01844,16,4.1,26.7,7,3.6
EVT_00657,30,36.3,47.8,30,35.7
EVT_00193,18,61.4,21.5,3,481.9
EVT_00589,27,,39.6,23,110.8
EVT_00273,7,51.3,28.5,4,97.1
EVT_00048,36,12.8,39.8,8,54.4
EVT_01628,13,22.0,64.3,27,79.8
EVT_00252,22,6.1,71.5,10,
EVT_00415,0,37.4,16.6,14,11283.73
EVT_00585,30,16.0,27.2,17,95.6
EVT_01740,20,36.0,33.9,10,49.0
EVT_D0013,18,30.6,14.1,24,139.5
EVT_00024,6,39.4,12.3,1,226.8
EVT_00835,10,42.7,30.1,0,240.5
EVT_00793,22,21.5,33.5,6,75.0
EVT_00492,30,23.2,62.5,7,34.3
EVT_01867,30,13.0,45.9,1,86.9
EVT_01582,23,16.3,42.4,11,210.9
EVT_01831,39,34.9,48.7,11,35.5
EVT_00488,37,,60.7,6,158.9
EVT_01712,25,17.4,60.5,9,38.3
EVT_D0019,26,28.0,52.8,2,2.2
EVT_01330,20,33.8,33.2,4,497.0
EVT_01174,25,60.5,55.2,4,206.9
EVT_00146,3,39.9,3.0,2,
EVT_01145,15,11.2,19.6,24,94.5
EVT_00020,6,51.2,17.3,1,63.3
EVT_01838,24,2.4,87.3,3,52.7
EVT_01734,31,19.0,29.0,3,295.1
EVT_01447,21,38.4,57.2,16,68.4
EVT_01640,13,13.4,34.0,2,22.5
EVT_00282,17,41.9,29.7,0,471.3
EVT_01134,5,19.3,50.8,10,6.6
EVT_00200,26,45.6,33.5,1,215.2
EVT_01560,0,34.6,20.2,5,405.4
EVT_01527,25,29.6,52.8,26,42.2
EVT_00803,18,64.4,14.5,2,289.4
EVT_01588,39,23.6,54.4,10,110.3
EVT_01400,5,47.2,13.4,1,278.4
EVT_00942,35,12.7,66.5,16,27.9
EVT_00967,17,36.0,6.1,1,324.6
EVT_00368,18,,62.2,7,245.4
EVT_00658,44,12.0,48.3,10,187.1
EVT_01219,25,11.7,41.6,8,3.0
EVT_00448,29,20.7,77.4,16,351.7
EVT_00443,27,13.0,58.2,18,132.4
EVT_01030,38,41.7,65.9,6,56.5
EVT_00677,9,23.9,23.1,19,110.8
EVT_00484,4,28.4,4.1,1,330.6
EVT_01498,13,35.5,31.5,3,341.3
EVT_00319,9,30.9,29.6,7,73.7
EVT_01137,25,48.4,38.1,2,45.3
EVT_00176,26,43.7,,4,147.4
EVT_01477,8,52.0,18.4,4,91.8
EVT_00698,28,28.7,57.0,25,332.2
EVT_00406,6,15.2,46.2,19,112.4
EVT_01991,26,18.5,46.0,9,55.5
EVT_00678,6,53.3,17.8,3,106.3
EVT_01501,3,26.0,10.8,1,189.1
EVT_01669,13,11.1,64.7,7,274.7
EVT_00269,6,31.5,11.2,0,106.5
EVT_01512,27,19.6,39.2,29,238.0
EVT_00145,39,53.5,20.9,3,44.6
EVT_00602,26,0.0,41.8,6,110.1
EVT_01627,27,10.9,60.1,7,57.3
EVT_00412,30,25.1,29.3,13,381.4
EVT_01559,13,7.7,30.8,4,66.0
EVT_00864,11,16.4,10.7,5,36.0
EVT_00854,6,29.0,45.0,26,365.9
EVT_00696,0,18.1,28.7,15,207.6
EVT_00469,7,42.7,0.0,1,155.9
EVT_00164,7,60.7,43.8,2,395.7
EVT_00692,14,44.6,60.0,9,137.6
EVT_00170,6,57.8,3.6,0,98.6
EVT_00992,34,18.4,64.7,3,468.6
EVT_01909,37,20.3,59.9,3,151.7
EVT_00268,5,26.8,26.4,4,36.3
EVT_01037,0,17.7,68.1,3,
EVT_00128,24,19.6,51.6,4,97.9
EVT_00371,43,11.0,55.8,10,108.2
EVT_00826,19,12.5,75.4,20,94.4
EVT_01322,12,34.9,7.2,3,44.3
EVT_01789,25,48.4,48.0,5,415.4
EVT_01591,6,65.4,13.3,0,102.9
EVT_01268,16,26.5,35.8,48,40.6
EVT_01108,26,43.2,25.9,6,79.8
EVT_00091,21,36.1,31.5,9,
EVT_00812,4,47.1,4.1,0,87.7
EVT_01047,20,13.3,67.1,26,80.6
EVT_00123,1,51.1,5.2,1,87.2
EVT_01130,36,23.6,62.4,11,167.2
EVT_01067,4,36.8,17.7,0,387.8
EVT_00619,26,23.3,60.4,35,155.6
EVT_00408,33,17.7,63.5,4,
EVT_01716,8,35.2,46.9,15,115.9
EVT_00053,3,35.5,35.7,24,45.0
EVT_00952,38,7.7,63.8,7,124.8
EVT_00680,28,25.3,68.4,7,53.5
EVT_00814,32,6.8,32.0,32,217.2
EVT_01977,33,4.0,100.0,4,38.7
EVT_00970,34,11.0,33.1,23,214.5
EVT_00456,49,32.3,62.8,9,257.9
EVT_00711,12,43.8,11.5,4,498.0
EVT_00113,5,56.7,21.4,0,268.9
EVT_01956,10,36.4,14.5,7,377.6
EVT_D0001,12,41.6,17.9,1,46.8
EVT_01791,39,10.3,65.1,8,38.2
EVT_00068,4,52.9,1.5,1,75.8
EVT_00955,21,24.1,60.2,9,308.3
EVT_00824,35,13.9,41.4,7,116.7
EVT_01699,38,21.7,70.9,14,42.6
EVT_00194,3,90.0,3.4,0,209.2
EVT_01265,20,30.4,49.7,15,154.8
EVT_00286,17,28.5,28.4,12,230.3
EVT_01481,28,40.3,50.3,26,51.8
EVT_00431,28,14.6,45.1,15,235.1
EVT_00832,5,44.3,15.6,0,161.0
EVT_01173,15,49.2,20.7,5,299.3
EVT_00962,30,20.7,50.6,19,133.3
EVT_01051,21,11.4,59.1,22,170.1
EVT_01166,15,11.2,77.0,7,254.5
EVT_00452,33,21.9,59.7,2,310.9
EVT_01318,9,28.8,59.1,13,68.7
EVT_01880,22,6.5,61.7,10,74.4
EVT_01404,12,60.9,13.8,18,35.5
EVT_00267,43,9.3,57.7,8,88.9
EVT_01982,33,38.1,52.5,2,48.9
EVT_01914,31,6.6,70.0,2,98.8
EVT_00061,5,18.0,32.9,18,214.3
EVT_00675,45,15.1,54.3,9,5.1
EVT_01216,26,18.2,40.5,11,48.2
EVT_00317,31,42.4,30.2,17,50.4
EVT_00723,8,45.4,11.0,4,308.9
EVT_00954,34,25.6,58.1,5,123.8
EVT_00362,11,63.1,56.3,1,79.7
EVT_D0020,39,23.7,64.5,3,321.3
EVT_01425,27,13.6,60.2,8,36.1
EVT_00290,14,27.4,36.4,1,84.8
EVT_01355,4,62.5,21.6,1,461.8
EVT_01102,41,30.3,39.0,3,250.6
EVT_00112,29,31.0,80.4,3,54.3
EVT_00802,37,11.6,41.4,6,2.6
EVT_01685,35,29.0,2004.0,3,103.6
EVT_00072,21,1.2,66.5,3,41.6
EVT_00630,5,19.6,0.0,1,61.1
EVT_01872,26,0.0,69.2,4,36.9
EVT_00149,4,16.4,11.6,0,84.1
EVT_01847,2,37.6,16.3,6,51.9
EVT_00648,36,,61.0,8,44.6
EVT_00749,17,22.9,80.3,7,
EVT_00523,12,13.5,0.0,0,101.8
EVT_01767,34,22.0,51.1,8,60.3
EVT_00067,32,37.5,34.2,2,406.2
EVT_00233,25,23.5,40.1,2,3.9
EVT_00430,11,29.9,42.5,31,172.1
EVT_01598,14,29.1,21.1,15,478.9
EVT_01505,24,20.4,49.5,9,250.5
EVT_01364,2,45.2,30.1,18,74.4
EVT_01970,19,18.6,49.8,11,11.0
EVT_00787,23,23.9,48.7,1,139.7
EVT_00980,49,22.1,94.6,5,268.7
EVT_00426,34,30.2,65.7,12,39.4
EVT_00186,12,22.4,52.9,7,263.3
EVT_00039,21,28.1,58.7,5,393.9
EVT_00778,6,19.8,6.4,0,346.3
EVT_00547,11,68.1,30.0,2,
EVT_00345,17,41.2,29.1,1,147.7
EVT_00139,33,15.3,72.8,3,36.9
EVT_00476,8,26.8,29.6,11,257.3
EVT_01820,14,49.5,25.8,5,48.5
EVT_01325,31,25.2,85.4,6,189.6
EVT_00556,34,31.4,53.6,9,53.8
EVT_00063,38,28.5,50.5,4,290.7
EVT_01860,9,64.1,18.0,1,71.0
EVT_00536,28,0.3,45.5,11,47.9
EVT_01431,17,26.4,39.2,9,114.2
EVT_01002,33,39.0,66.1,4,87.9
EVT_01015,17,50.5,56.8,3,50.1
EVT_01371,9,34.8,37.9,5,176.3
EVT_00296,4,46.1,15.7,1,187.3
EVT_01616,12,49.1,21.5,2,118.0
EVT_00868,25,7.0,70.7,8,491.6
EVT_00708,29,16.6,64.6,25,214.2
EVT_01800,17,50.0,27.5,2,322.6
EVT_00424,34,22.7,60.5,3,22.3
EVT_00409,23,16.9,79.9,-51,166.3
EVT_00503,0,19.9,14.0,7,4.3
EVT_01507,27,12.7,60.5,14,78.4
EVT_01100,21,54.6,22.2,4,374.1
EVT_00238,20,8.4,65.1,3,3.7
EVT_01936,21,44.7,50.3,0,
EVT_00788,36,14.7,73.1,3,214.7
EVT_01702,11,43.1,36.6,1,95.0
EVT_00178,38,23.5,48.2,6,152.9
EVT_00775,13,15.8,60.8,8,25.9
EVT_00690,20,30.0,17.2,6,2.0
EVT_00131,9,42.1,2.3,1,270.8
EVT_01095,5,20.4,20.7,0,217.1
EVT_D0022,6,30.6,7.9,1,45.0
EVT_01319,14,46.6,21.7,15,160.7
EVT_00378,65,14.2,72.5,8,39.7
EVT_00163,17,44.5,34.1,0,56.5
EVT_01892,36,27.3,39.8,24,35.3
EVT_01530,5,46.8,11.1,1,45.8
EVT_00250,18,35.4,18.6,10,434.8
EVT_00055,5,79.4,0.0,2,438.7
EVT_00353,17,56.2,34.9,2,202.2
EVT_00330,5,27.7,38.1,8,69.4
EVT_00555,14,28.1,25.9,10,176.2
EVT_00702,6,66.5,23.3,7,38.7
EVT_00665,50,31.8,60.0,3,254.4
EVT_00457,20,14.8,74.0,10,3.9
EVT_00969,23,36.8,15.5,5,77.5
EVT_01466,27,21.9,63.2,7,254.2
EVT_01443,34,0.0,82.1,2,440.0
EVT_00649,11,17.2,55.5,17,14.8
EVT_01303,39,13.8,28.2,8,
EVT_00343,16,56.3,71.4,10,457.0
EVT_00242,15,36.5,26.7,9,335.2
EVT_D0011,4,57.3,14.5,1,203.2
EVT_00276,32,7.4,69.1,7,216.3
EVT_00069,16,27.7,41.5,7,129.4
EVT_00782,35,11.0,88.3,6,105.8
EVT_00302,4,66.9,16.6,1,203.7
EVT_01333,19,37.0,16.5,7,38.8
EVT_00871,37,46.6,45.3,5,194.5
EVT_00831,20,43.9,50.8,25,152.1
EVT_00033,21,29.7,46.9,4,66.9
EVT_00882,24,42.9,22.8,19,468.1
EVT_01125,27,11.6,66.4,4,441.2
EVT_00977,14,20.2,52.6,19,136.1
EVT_01841,21,11.7,67.3,4,39.7
EVT_01033,28,38.9,70.6,6,
EVT_00009,37,20.6,76.1,2,112.9
EVT_01472,0,34.8,50.6,11,171.7
EVT_01813,0,23.8,30.6,19,64.2
EVT_00307,22,25.1,44.6,33,295.2
EVT_00895,38,9.1,61.9,7,80.9
EVT_01075,12,41.6,17.9,1,46.8
EVT_01344,28,12.3,14.8,4,87.8
EVT_00721,40,13.8,91.0,20,342.6
EVT_00935,14,55.9,30.1,6,148.7
EVT_00989,10,18.6,67.9,4,16.9
EVT_01413,40,16.5,94.9,3,35.5
EVT_00152,25,38.0,31.1,8,52.5
EVT_01074,37,0.2,47.6,29,265.3
EVT_00376,36,23.1,55.5,9,12.6
EVT_01967,10,67.2,36.5,1,59.0
EVT_00433,19,,38.1,3,121.7
EVT_01433,21,25.0,13.0,14,134.3
EVT_01963,4,40.4,6.4,0,264.4
EVT_00173,32,23.6,78.6,7,178.4
EVT_00520,2,18.4,75.0,14,10.0
EVT_00316,21,13.3,40.9,10,14.9
EVT_00379,17,27.9,30.4,3,322.4
EVT_00021,0,,9.9,1292,86.1
EVT_01359,12,63.1,0.0,1,189.9
EVT_01725,13,53.1,6.4,4,209.4
EVT_D0021,20,43.9,50.8,25,152.1
EVT_00239,14,44.5,42.0,12,310.4
EVT_00465,27,22.9,51.0,7,331.6
EVT_00124,1,13.7,5.9,1,184.1
EVT_01353,5,60.8,17.0,0,325.4
EVT_00100,23,18.6,38.8,33,208.7
EVT_01931,50,14.8,82.5,6,45.6
EVT_00309,11,53.0,16.1,3,35.7
EVT_01729,40,21.3,78.7,7,170.0
EVT_01004,12,0.0,36.4,23,85.8
EVT_00414,9,62.4,7.5,2,347.8
EVT_01766,26,23.0,10.6,26,209.3
EVT_00049,38,30.0,37.9,32,131.0
EVT_01600,15,61.0,27.3,5,113.4
EVT_01912,26,28.0,52.8,2,2.2
EVT_01261,17,53.9,43.2,3,250.2
EVT_01848,29,0.0,70.1,5,95.7
EVT_01952,29,9.7,41.7,2,6.1
EVT_00947,24,60.1,10.6,2,92.6
EVT_00719,3,30.0,20.8,4,229.7
EVT_00950,25,48.8,25.4,2,
EVT_01895,5,58.9,8.4,1,86.2
EVT_01755,44,28.1,42.4,1,120.5
EVT_00617,17,23.8,65.2,2,40.9
EVT_01056,25,32.2,44.5,31,156.2
EVT_01328,9,43.1,68.3,7,123.0
EVT_00066,22,3.2,,5,2.5
EVT_01657,50,27.7,72.2,8,181.4
EVT_01148,35,5.5,43.5,10,3.0
EVT_02000,19,61.3,29.1,6,202.9
EVT_00571,26,1.5,60.9,7,410.5
EVT_01960,42,2.4,78.5,2,408.1
EVT_01626,42,9.6,73.5,1,208.4
EVT_00713,26,19.0,60.7,26,72.8
EVT_00236,32,18.0,58.7,2,113.4
EVT_00475,2,39.6,0.3,1,122.3
EVT_01797,18,17.6,51.9,7,114.4
EVT_01811,8,48.6,23.6,3,121.3
EVT_01911,44,15.2,48.8,7,10.1
EVT_00199,4,43.3,11.8,2,164.1
EVT_00497,16,18.8,68.5,3,62.7
EVT_00183,9,20.0,44.8,15,112.7
EVT_00318,8,13.3,42.7,21,56.4
EVT_00651,10,33.5,39.6,10,104.9
EVT_00640,20,8.9,50.8,16,67.1
EVT_00059,11,11.2,40.8,2,12.5
EVT_01898,4,32.2,10.6,0,45.8
EVT_00504,42,19.5,65.1,6,89.3
EVT_00384,28,26.6,27.3,29,65.8
EVT_01436,11,54.5,11.1,12,147.1
EVT_00214,13,56.6,14.3,11,282.4
EVT_00073,31,19.4,78.6,9,36.8
EVT_00927,10,40.2,18.9,10,70.6
EVT_00264,11,48.9,2.8,0,135.0
EVT_00704,29,11.6,25.8,9,2.3
EVT_01962,14,53.6,24.2,2,50.5
EVT_01022,24,12.3,29.2,13,105.5
EVT_01850,27,51.1,33.8,3,60.0
EVT_01666,25,19.2,51.0,1554,62.8
EVT_01080,13,9.5,66.9,8,350.6
EVT_00929,15,59.2,30.4,3,35.4
EVT_01668,29,13.3,37.4,2,14.7
EVT_01273,9,59.0,13.7,6,402.3
EVT_01369,8,27.8,2.4,3,357.7
EVT_01834,19,47.3,30.2,3,401.5
EVT_00283,17,31.7,26.1,5,247.3
EVT_00553,19,29.1,70.5,4,57.1
EVT_01133,2,83.1,1.7,0,220.8
EVT_00650,14,54.8,19.4,1,259.7
EVT_00526,3,10.6,18.8,8,444.9
EVT_01618,43,14.8,51.6,4,157.5
EVT_00185,28,15.5,46.2,16,
EVT_01304,8,30.4,11.6,1,67.2
EVT_00931,8,24.3,29.8,27,138.4
EVT_00881,21,30.9,53.3,22,114.9
EVT_00040,46,13.0,77.7,12,117.8
EVT_00737,21,52.1,36.8,3,412.4
EVT_01177,18,40.4,19.3,3,204.6
EVT_00913,14,14.5,34.8,6,
EVT_00828,7,51.0,6.9,7,397.1
EVT_01257,5,37.1,12.4,0,65.4
EVT_01667,0,48.1,34.9,2,45.2
EVT_01882,36,14.7,82.5,9,107.3
EVT_00558,21,27.6,21.1,3,339.1
EVT_00891,37,10.6,49.1,9,10.3
EVT_01269,8,,16.6,0,158.9
EVT_00179,31,22.7,62.6,8,160.3
EVT_01023,2,83.1,10.3,6,120.1
EVT_01259,11,41.2,50.2,6,49.1
EVT_01826,36,45.4,31.8,28,83.3
EVT_01241,35,18.1,61.6,-79,39.1
EVT_00167,16,34.5,46.4,8,199.2
EVT_00715,26,21.7,67.4,7,384.7
EVT_00879,18,17.2,42.4,18,87.2
EVT_01899,19,26.3,25.0,2,154.5
EVT_00388,32,31.1,77.4,24,76.8
EVT_01739,40,18.9,37.7,36,217.4
EVT_01684,5,47.8,20.1,1,49.4
EVT_01115,49,11.2,3.7,15,475.8
EVT_01189,14,41.2,30.3,3,52.3
EVT_01711,31,22.5,54.5,8,8.9
EVT_01928,31,17.3,27.8,9,204.5
EVT_00724,6,64.3,4.3,0,495.9
EVT_00244,9,36.1,12.5,1,181.0
EVT_01439,48,0.0,25.8,5,10.9
EVT_00852,3,48.6,2.8,0,88.7
EVT_00333,3,65.2,6.8,1,105.1
EVT_01334,24,57.4,22.9,5,166.8
EVT_00915,2,28.7,64.0,23,305.0
EVT_01317,28,10.7,45.8,2,89.0
EVT_01301,5,52.5,6.7,0,49.2
EVT_00521,11,29.5,44.3,30,69.7
EVT_00912,13,20.4,52.5,6,245.7
EVT_D0003,18,22.7,65.8,5,61.1
EVT_00801,14,54.8,34.2,6,238.9
EVT_00175,17,14.6,74.2,11,81.1
EVT_01471,21,44.4,35.7,7,60.3
EVT_01434,52,49.8,31.9,2,44.1
EVT_01392,18,71.2,29.5,3,195.8
EVT_01593,43,14.1,47.4,8,298.9
EVT_01068,25,20.0,43.8,15,237.4
EVT_00513,39,9.5,42.0,13,158.8
EVT_01589,32,36.3,49.0,7,83.2
EVT_01873,31,26.2,77.7,3,178.3
EVT_01126,18,13.7,96.0,25,6.2
EVT_00213,48,22.3,,7,347.9
EVT_00043,15,63.5,29.8,3,69.4
EVT_01539,2,37.3,9.7,9,290.2
EVT_00550,23,20.9,45.0,18,295.6
EVT_01513,25,41.2,55.9,3,275.5
EVT_00028,35,15.8,48.4,7,84.3
EVT_00438,5,46.1,32.4,0,114.3
EVT_00511,10,56.1,13.5,0,150.0
EVT_00314,9,26.1,48.9,25,275.7
EVT_01692,49,18.8,83.8,5,72.7
EVT_00184,29,12.2,14.5,6,7.5
EVT_01427,28,1.0,22.0,9,41.0
EVT_01522,11,18.0,50.4,4,27.2
EVT_00833,6,35.4,10.9,34,153.3
EVT_00377,20,25.0,34.7,14,43.7
EVT_01329,23,33.2,23.8,5,201.8
EVT_00281,38,13.9,77.0,8,75.2
EVT_00095,9,32.8,13.7,0,128.9
EVT_01777,28,29.4,45.0,17,43.6
EVT_01623,19,51.8,17.3,6,319.8
EVT_00114,25,43.4,30.6,10,179.4
EVT_01156,21,49.0,26.8,4,71.3
EVT_00382,7,42.2,18.7,0,153.4
EVT_00688,37,20.4,72.1,4,257.7
EVT_00215,2,70.7,11.2,1,57.9
EVT_00308,21,14.5,65.0,10,10.4
EVT_00540,56,9.8,74.1,16,103.3
EVT_00652,36,31.5,14.0,21,259.2
EVT_00853,0,63.4,13.9,1,249.0
EVT_01545,50,27.9,61.3,4,169.1
EVT_00247,6,44.9,28.7,6,132.9
EVT_01520,39,21.0,80.0,10,224.0
EVT_00707,33,0.3,40.0,6,29.2
EVT_01994,30,45.9,30.4,7,313.8
EVT_01417,56,7.1,43.6,5,124.5
EVT_01565,19,15.3,25.9,20,248.5
EVT_00251,43,20.5,57.9,3,117.0
EVT_00339,10,5.6,48.3,30,196.5
EVT_00773,30,8.3,53.7,10,57.4
EVT_01758,37,40.5,45.2,7,423.0
EVT_01568,33,10.3,40.3,23,261.5
EVT_00744,43,11.3,61.5,3,43.2
EVT_00332,4,61.6,10.6,0,497.1
EVT_01730,23,54.6,26.3,4,276.0
EVT_01391,18,7.1,49.7,27,69.9
EVT_00441,34,58.1,44.6,7,84.7
EVT_01549,6,48.2,27.2,2,375.8
EVT_D0009,26,16.3,,12,62.1
EVT_01005,7,33.0,8.7,3,392.8
EVT_01394,39,6.5,69.4,5,41.3
EVT_00126,3,29.8,0.0,1,102.6
EVT_01090,22,20.4,,5,2.9
EVT_01291,6,30.6,7.9,1,45.0
EVT_00018,13,22.2,0.0,0,77.5
EVT_01345,3,35.5,13.9,8,62.7
EVT_00518,29,35.5,50.3,20,116.0
EVT_01361,33,16.1,63.1,21,157.1
EVT_00228,14,34.0,24.0,5,50.6
EVT_01592,19,14.4,61.6,6,21.5
EVT_01738,43,33.0,79.9,6,197.0
EVT_01701,30,0.8,49.5,2,11.4
EVT_00809,3,60.6,8.4,3,399.4
EVT_00750,17,34.4,66.4,27,83.2
EVT_01123,16,53.4,4.5,3,76.2
EVT_00422,12,28.2,42.3,25,226.4
EVT_01409,60,27.0,76.6,7,423.6
EVT_01679,35,15.9,43.5,3,96.2
EVT_00743,10,31.0,35.6,9,63.5
EVT_00901,17,49.4,22.1,2,427.0
EVT_00810,15,70.2,,2,202.7
EVT_00529,12,38.6,24.3,2,87.7
EVT_00990,27,48.8,47.4,8,261.0
EVT_D0008,12,63.1,0.0,1,189.9
EVT_01774,33,60.1,32.6,4,279.4
EVT_01770,4,53.3,8.2,2,85.2
EVT_01438,5,14.3,12.9,1,93.7
EVT_01946,28,13.1,83.6,8,
EVT_01382,29,9.5,59.7,6,110.7
EVT_D0010,5,58.9,8.4,1,86.2
EVT_01583,7,15.2,44.4,3,54.4
EVT_00505,12,17.4,0.2,2,446.5
EVT_01635,22,21.2,51.8,2,13.4
EVT_00089,10,38.6,12.7,1,187.3
EVT_01677,44,7.4,85.3,7,462.8
EVT_01016,21,3.7,19.5,10,5.8
EVT_00920,1,32.9,17.0,2,55.7
EVT_00862,14,48.6,25.8,3,84.2
EVT_01856,7,40.6,14.8,7,149.3
EVT_00732,1,16.6,96.3,4,16.2
EVT_01894,25,20.7,41.2,24,39.8
EVT_00549,15,7.9,28.0,15,433.9
EVT_00133,26,18.8,71.1,21,145.0
EVT_01000,24,10.4,53.7,1,80.5
EVT_01208,2,70.5,15.1,1,189.8
EVT_00331,15,36.4,42.1,2,116.3
EVT_00295,54,13.2,42.3,11,74.2
EVT_00693,18,7.7,29.6,8,2.0
EVT_01839,22,29.2,67.8,14,53.5
EVT_00367,40,5.5,47.6,3,14.6
EVT_00141,14,24.0,51.6,19,176.4
EVT_01374,32,54.4,25.9,4,193.6
EVT_D0029,24,7.6,74.94,6,262.4
EVT_01281,19,58.7,39.3,3,63.2
EVT_00354,4,42.6,17.1,2,216.3
EVT_01905,39,0.0,57.6,7,168.1
EVT_01715,25,50.3,32.1,6,127.5
EVT_00930,7,37.3,28.7,10,84.2
EVT_D0016,38,24.2,74.6,6,14.0
EVT_01342,18,34.0,17.6,6,259.0
EVT_00998,21,30.2,55.5,1,255.2
EVT_00420,23,25.8,42.1,2,140.5
EVT_01474,8,45.8,4.6,1,439.0
EVT_00515,36,20.8,46.7,10,139.5
EVT_00341,7,41.5,0.9,0,173.8
EVT_01226,9,27.5,20.7,3,48.1
EVT_00644,19,30.2,46.7,22,62.0
EVT_00394,31,21.8,29.6,8,3.1
EVT_00425,10,0.0,32.2,4,3.2
EVT_01367,37,19.4,59.6,7,44.9
EVT_00064,36,23.6,83.0,7,279.2
EVT_00498,48,21.9,57.3,7,141.4
EVT_01890,13,18.7,27.3,17,415.6
EVT_00517,36,21.8,80.3,1,
EVT_00327,14,52.4,41.2,8,127.3
EVT_00953,45,21.6,83.9,2,71.3
EVT_01040,25,15.0,46.7,16,146.2
EVT_01709,25,20.3,24.7,1,10.4
EVT_01494,17,35.6,38.0,17,288.8
EVT_00257,33,10.7,64.3,9,21.8
EVT_01038,6,39.7,10.7,0,46.8
EVT_00225,3,,29.1,1,71.9
EVT_00682,38,16.6,43.3,2,367.0
EVT_01021,44,55.3,35.1,5,377.0
EVT_00360,32,15.7,61.8,9,27.9
EVT_00898,3,34.9,22.0,2,165.5
EVT_01309,23,20.5,64.9,19,73.8
EVT_01055,35,13.5,67.9,12,350.3
EVT_01769,13,48.0,8.9,1,387.5
EVT_00220,54,12.3,66.8,10,370.0
EVT_01220,23,39.3,40.1,5,437.5
EVT_00914,4,49.5,18.3,0,314.8
EVT_01541,7,20.0,50.9,35,39.8
EVT_00011,38,30.2,,11,40.2
EVT_01651,5,55.1,7.6,0,120.0
EVT_01399,4,,13.8,6,74.8
EVT_01990,35,12.0,56.0,8,242.9
EVT_01460,36,15.7,46.4,7,13.4
EVT_00736,40,35.2,72.3,5,49.0
EVT_01239,26,40.9,27.3,4,36.2
EVT_01453,23,37.3,26.1,3,57.9
EVT_00357,34,29.3,75.1,12,25.8
EVT_01083,14,37.9,36.8,24,48.1
EVT_01984,17,48.7,5.1,2,40.1
EVT_01365,4,47.3,22.9,1,202.5
EVT_01341,43,13.7,67.3,7,444.6
EVT_00512,38,22.9,62.1,7,460.3
EVT_00664,4,32.7,5.1,1,97.8
EVT_01840,36,25.3,71.1,2,43.6
EVT_00642,45,24.5,56.3,8,38.7
EVT_00158,8,10.7,5.7,1,61.5
EVT_00279,15,23.4,34.5,2,81.5
EVT_00287,8,24.4,13.4,2,216.1
EVT_01996,20,0.7,52.1,15,3.1
EVT_00974,3,11.9,76.4,1,389.5
EVT_00944,36,11.6,58.8,11,138.2
EVT_01076,43,2.7,50.1,4,489.7
EVT_00621,1,50.0,4.1,2,429.0
EVT_01617,5,55.6,5.2,0,93.3
EVT_01225,24,58.1,40.1,6,36.7
EVT_01490,26,27.7,70.3,8,81.5
EVT_01378,14,17.1,33.3,23,52.0
EVT_00600,13,64.3,1.9,6,64.4
EVT_01757,26,25.3,60.0,6,169.4
EVT_01458,39,14.9,41.2,8,7.8
EVT_00829,5,32.3,21.5,11,47.0
EVT_01524,24,25.4,34.1,29,38.2
EVT_01499,3,60.0,14.9,1,61.1
EVT_00530,3,51.8,20.5,2,250.2
EVT_00842,34,35.2,26.4,29,65.5
EVT_01697,23,56.7,31.7,3,60.9
EVT_00485,16,52.5,10.2,3,
EVT_00463,38,50.1,29.8,12,40.2
EVT_01832,17,33.5,57.6,17,368.3
EVT_00155,24,48.8,28.3,3,46.4
EVT_01343,25,-85.08,30.4,10,47.3
EVT_01114,40,17.2,,16,98.0
EVT_00603,21,10.6,,2,37.2
EVT_00189,15,0.5,,5,58.3
EVT_01656,4,47.6,26.4,0,61.2
EVT_01054,29,30.7,37.8,18,170.1
EVT_00351,45,19.4,56.7,3,
EVT_01039,45,6.6,59.3,9,50.5
EVT_00975,30,19.7,98.9,7,3.3
EVT_00939,30,13.7,50.9,13,47.0
EVT_01066,23,35.6,73.4,4,196.2
EVT_00137,22,32.3,35.7,5,13.9
EVT_00628,4,67.9,17.4,0,269.0
EVT_00473,21,5.5,49.8,1,20.0
EVT_01672,31,26.0,24.2,31,39.9
EVT_00078,20,50.0,,7,51.7
EVT_00044,25,-124.17,24.0,6,246.9
EVT_01222,30,7.4,72.7,10,207.1
EVT_00925,19,45.7,33.1,1,36.4
EVT_01487,39,24.6,43.8,24,93.0
EVT_01231,3,28.6,16.1,0,165.7
EVT_01768,29,20.8,59.5,4,5.5
EVT_00789,11,43.9,36.8,9,382.5
EVT_01086,8,39.1,17.7,1,81.1
EVT_01863,20,37.2,34.6,16,35.5
EVT_01802,20,43.8,29.3,2,38.2
EVT_01728,33,38.7,38.8,7,
EVT_00519,37,16.7,83.1,8,94.0
EVT_00478,19,31.4,19.0,3,42.9
EVT_01162,43,14.8,67.7,6,86.7
EVT_00855,44,22.9,50.5,6,61.1
EVT_01981,23,50.3,21.7,3,109.2
EVT_01247,40,24.7,87.4,9,275.4
EVT_01921,36,15.7,60.6,7,114.9
EVT_00722,24,13.9,36.9,1,
EVT_00560,14,15.3,,10,81.0
EVT_00544,15,39.0,40.6,6,88.1
EVT_00277,19,57.7,45.2,0,160.5
EVT_01696,35,,20.3,3,63.0
EVT_01420,7,17.4,48.6,9,126.9
EVT_00280,21,38.2,49.6,2,112.1
EVT_01112,16,44.2,19.1,4,179.6
EVT_00325,17,54.9,26.7,4,38.1
EVT_01271,36,15.6,20.0,22,99.1
EVT_00031,10,32.1,35.3,7,103.6
EVT_01465,32,18.7,61.8,1,25.5
EVT_01375,45,3.7,59.3,5,83.8
EVT_01673,36,10.0,42.5,7,123.5
EVT_01713,18,11.3,87.2,6,67.0
EVT_00385,16,31.1,46.3,22,131.6
EVT_00780,36,15.5,55.1,6,118.3
EVT_00419,9,36.4,47.4,9,266.6
EVT_00896,21,34.6,48.0,11,222.7
EVT_01534,22,9.4,47.7,31,76.4
EVT_00455,25,46.8,35.8,26,186.2
EVT_00819,6,45.4,0.0,2,51.0
EVT_00136,16,64.4,31.6,13,
EVT_01467,23,40.6,20.6,3,475.4
EVT_00014,24,26.8,46.8,36,416.4
EVT_01814,14,34.4,24.0,1,72.3
EVT_00936,3,48.7,6.5,0,329.0
EVT_00784,42,21.1,74.1,4,77.7
EVT_00564,28,44.3,24.7,6,172.3
EVT_01011,7,39.5,24.5,3,79.1
EVT_01119,44,28.5,80.7,4,-563.51
EVT_00171,24,21.8,66.3,6,117.3
EVT_01276,20,43.9,29.1,5,484.6
EVT_00352,12,43.5,32.6,4,44.0
EVT_00496,45,,91.1,8,231.9
EVT_00294,6,31.6,0.0,2,173.6
EVT_01410,10,39.9,32.4,6,128.6
EVT_00979,5,69.5,11.9,6,280.2
EVT_01877,22,22.7,16.9,12,351.6
EVT_01993,33,76.0,56.0,7,380.4
EVT_01580,0,29.6,68.2,31,70.1
EVT_01142,49,13.1,50.9,9,
EVT_00509,16,54.5,40.2,2,154.3
EVT_01876,3,12.4,82.2,5,43.3
EVT_01327,18,34.4,37.4,18,362.2
EVT_00337,13,29.0,27.7,4,85.7
EVT_01184,2,41.3,19.4,0,252.3
EVT_01613,23,29.4,47.7,3,20.0
EVT_01300,30,18.0,46.7,13,49.3
EVT_01816,29,47.4,20.8,6,303.2
EVT_00627,49,15.3,81.8,3,47.2
EVT_01866,17,28.9,53.3,6,64.7
EVT_01985,13,43.0,24.6,10,121.6
EVT_01491,23,47.9,38.8,15,97.2
EVT_00221,18,49.8,22.3,3,38.2
EVT_00584,5,32.8,15.0,2,53.8
EVT_00129,22,27.3,54.2,11,35.1
EVT_00398,8,50.1,12.9,2,329.2
EVT_00190,24,36.6,46.2,2,118.7
EVT_00004,21,12.8,30.5,6,9.1
EVT_00976,30,24.5,61.5,6,42.7
EVT_01682,6,67.3,0.0,3,57.7
EVT_01686,11,37.1,38.8,1,157.9
EVT_01478,11,37.6,13.0,1,483.4
EVT_00224,8,8.8,59.4,3,20.9
EVT_01280,14,11.2,60.3,21,176.6
EVT_01457,30,8.6,59.1,7,7.3
EVT_01027,42,15.4,61.3,3,7.0
EVT_01989,32,27.4,43.9,7,148.8
EVT_01171,45,21.2,43.7,16,155.0
EVT_01849,18,22.8,79.7,9,240.4
EVT_01874,5,16.1,8.0,1,406.0
EVT_01197,7,32.1,5.2,5,282.5
EVT_01561,20,28.7,54.4,11,498.7
EVT_00932,34,21.9,57.5,3,268.7
EVT_01314,35,17.4,34.9,2,11.0
EVT_00919,4,51.3,22.3,0,87.7
EVT_01097,21,42.5,52.1,17,35.1
EVT_00770,13,43.5,34.5,10,58.6
EVT_00154,1,43.6,23.3,3,217.3
EVT_01290,20,37.0,61.3,1,440.4
EVT_00779,17,36.2,31.7,2,54.7
EVT_01336,8,36.4,12.5,0,
EVT_00911,18,29.1,42.5,33,62.6
EVT_00439,0,21.9,50.2,3,104.4
