row_id,label
EVT_00238,Incident
EVT_01677,Heavy_Traffic
EVT_00486,Incident
EVT_00731,Pedestrian_Event
EVT_00689,Free_Flow
EVT_00388,Heavy_Traffic
EVT_01610,Free_Flow
EVT_01945,Low_Activity
EVT_00266,Heavy_Traffic
EVT_01500,Free_Flow
EVT_00452,Heavy_Traffic
EVT_00773,Heavy_Traffic
EVT_00576,Low_Activity
EVT_00334,Heavy_Traffic
EVT_01841,Heavy_Traffic
EVT_00910,Low_Activity
EVT_00120,Pedestrian_Event
EVT_00196,Free_Flow
EVT_01115,Pedestrian_Event
EVT_00300,Low_Activity
EVT_00101,Free_Flow
EVT_01247,Heavy_Traffic
EVT_01103,Incident
EVT_01048,Heavy_Traffic
EVT_00582,Heavy_Traffic
EVT_01621,Heavy_Traffic
EVT_00761,Pedestrian_Event
EVT_00522,Low_Activity
EVT_01213,Pedestrian_Event
EVT_01996,Heavy_Traffic
EVT_01217,Free_Flow
EVT_01428,Pedestrian_Event
EVT_01880,Incident
EVT_00031,Free_Flow
EVT_00374,Free_Flow
EVT_00473,Heavy_Traffic
EVT_01147,Heavy_Traffic
EVT_01233,Heavy_Traffic
EVT_00923,Incident
EVT_01343,Free_Flow
EVT_00943,Free_Flow
EVT_00822,Heavy_Traffic
EVT_00007,Low_Activity
EVT_00230,Low_Activity
EVT_01757,Heavy_Traffic
EVT_00141,Pedestrian_Event
EVT_00304,Incident
EVT_00478,Free_Flow
EVT_01825,Pedestrian_Event
EVT_00011,Pedestrian_Event
EVT_01943,Low_Activity
EVT_00201,Low_Activity
EVT_00469,Low_Activity
EVT_01082,Pedestrian_Event
EVT_01242,Free_Flow
EVT_00445,Free_Flow
EVT_00086,Low_Activity
EVT_01026,Free_Flow
EVT_00917,Low_Activity
EVT_00895,Heavy_Traffic
EVT_00372,Heavy_Traffic
EVT_01104,Low_Activity
EVT_00355,Pedestrian_Event
EVT_01649,Free_Flow
EVT_00479,Free_Flow
EVT_00794,Heavy_Traffic
EVT_01200,Heavy_Traffic
EVT_00349,Free_Flow
EVT_00767,Heavy_Traffic
EVT_01417,Heavy_Traffic
EVT_01009,Pedestrian_Event
EVT_00937,Incident
EVT_00820,Pedestrian_Event
EVT_00185,Pedestrian_Event
EVT_00274,Pedestrian_Event
EVT_00902,Incident
EVT_00048,Heavy_Traffic
EVT_00666,Low_Activity
EVT_00213,Heavy_Traffic
EVT_01433,Pedestrian_Event
EVT_01006,Heavy_Traffic
EVT_01930,Low_Activity
EVT_01481,Free_Flow
EVT_01827,Low_Activity
EVT_00775,Incident
EVT_00327,Free_Flow
EVT_00381,Low_Activity
EVT_00291,Incident
EVT_01726,Low_Activity
EVT_D0020,Pedestrian_Event
EVT_00778,Low_Activity
EVT_01257,Low_Activity
EVT_01814,Low_Activity
EVT_01820,Low_Activity
EVT_01110,Pedestrian_Event
EVT_01950,Heavy_Traffic
EVT_00060,Pedestrian_Event
EVT_00030,Heavy_Traffic
EVT_01019,Pedestrian_Event
EVT_01934,Incident
EVT_00621,Low_Activity
EVT_00785,Heavy_Traffic
EVT_01269,Low_Activity
EVT_01657,Heavy_Traffic
EVT_00931,Pedestrian_Event
EVT_00235,Free_Flow
EVT_01083,Pedestrian_Event
EVT_01863,Free_Flow
EVT_00262,Free_Flow
EVT_00957,Free_Flow
EVT_00795,Low_Activity
EVT_00413,Heavy_Traffic
EVT_01175,Free_Flow
EVT_00259,Pedestrian_Event
EVT_00131,Low_Activity
EVT_01298,Heavy_Traffic
EVT_01121,Heavy_Traffic
EVT_01705,Pedestrian_Event
EVT_00197,Free_Flow
EVT_01787,Incident
EVT_01501,Low_Activity
EVT_01711,Incident
EVT_00986,Pedestrian_Event
EVT_00507,Pedestrian_Event
EVT_00130,Low_Activity
EVT_01486,Free_Flow
EVT_00497,Heavy_Traffic
EVT_00326,Free_Flow
EVT_01744,Free_Flow
EVT_01848,Heavy_Traffic
EVT_00182,Free_Flow
EVT_00537,Incident
EVT_01842,Heavy_Traffic
EVT_00112,Incident
EVT_01107,Heavy_Traffic
EVT_00969,Free_Flow
EVT_01353,Low_Activity
EVT_01633,Pedestrian_Event
EVT_00554,Free_Flow
EVT_00119,Incident
EVT_01579,Free_Flow
EVT_00894,Incident
EVT_00996,Low_Activity
EVT_00518,Pedestrian_Event
EVT_01758,Free_Flow
EVT_00039,Heavy_Traffic
EVT_01670,Free_Flow
EVT_01923,Low_Activity
EVT_00177,Free_Flow
EVT_01881,Incident
EVT_01047,Pedestrian_Event
EVT_00531,Heavy_Traffic
EVT_01891,Free_Flow
EVT_01165,Low_Activity
EVT_01791,Heavy_Traffic
EVT_01909,Heavy_Traffic
EVT_01409,Heavy_Traffic
EVT_01122,Heavy_Traffic
EVT_00436,Pedestrian_Event
EVT_01188,Low_Activity
EVT_00514,Low_Activity
EVT_01374,Free_Flow
EVT_00690,Incident
EVT_00092,Pedestrian_Event
EVT_01463,Free_Flow
EVT_01472,Pedestrian_Event
EVT_01998,Incident
EVT_00525,Free_Flow
EVT_00847,Heavy_Traffic
EVT_00974,Heavy_Traffic
EVT_00660,Free_Flow
EVT_01099,Heavy_Traffic
EVT_00088,Heavy_Traffic
EVT_01144,Free_Flow
EVT_01970,Incident
EVT_01078,Heavy_Traffic
EVT_01391,Pedestrian_Event
EVT_00933,Incident
EVT_00882,Pedestrian_Event
EVT_00219,Incident
EVT_01525,Free_Flow
EVT_00521,Pedestrian_Event
EVT_01055,Heavy_Traffic
EVT_01478,Free_Flow
EVT_00912,Heavy_Traffic
EVT_00097,Free_Flow
EVT_01546,Free_Flow
EVT_01446,Low_Activity
EVT_01803,Free_Flow
EVT_00639,Free_Flow
EVT_00642,Incident
EVT_01348,Low_Activity
EVT_01337,Free_Flow
EVT_00663,Incident
EVT_01278,Free_Flow
EVT_01895,Low_Activity
EVT_00561,Pedestrian_Event
EVT_01617,Low_Activity
EVT_01597,Heavy_Traffic
EVT_01532,Low_Activity
EVT_01648,Incident
EVT_00584,Low_Activity
EVT_01340,Free_Flow
EVT_01162,Heavy_Traffic
EVT_00246,Incident
EVT_01057,Low_Activity
EVT_00620,Heavy_Traffic
EVT_00717,Heavy_Traffic
EVT_00505,Low_Activity
EVT_00188,Free_Flow
EVT_01093,Pedestrian_Event
EVT_00577,Pedestrian_Event
EVT_00927,Free_Flow
EVT_00450,Incident
EVT_01371,Free_Flow
EVT_00759,Heavy_Traffic
EVT_00596,Heavy_Traffic
EVT_00383,Pedestrian_Event
EVT_00510,Pedestrian_Event
EVT_01999,Heavy_Traffic
EVT_01168,Heavy_Traffic
EVT_01599,Pedestrian_Event
EVT_01719,Low_Activity
EVT_00412,Pedestrian_Event
EVT_00966,Incident
EVT_01040,Pedestrian_Event
EVT_01507,Pedestrian_Event
EVT_01797,Pedestrian_Event
EVT_00122,Incident
EVT_01995,Pedestrian_Event
EVT_00732,Incident
EVT_00655,Incident
EVT_00467,Incident
EVT_00257,Incident
EVT_00457,Incident
EVT_00319,Free_Flow
EVT_01640,Incident
EVT_01111,Pedestrian_Event
EVT_00179,Low_Activity
EVT_01625,Heavy_Traffic
EVT_01783,Free_Flow
EVT_00402,Free_Flow
EVT_01608,Pedestrian_Event
EVT_01431,Pedestrian_Event
EVT_01731,Heavy_Traffic
EVT_00980,Heavy_Traffic
EVT_00118,Pedestrian_Event
EVT_00498,Heavy_Traffic
EVT_00371,Heavy_Traffic
EVT_01941,Heavy_Traffic
EVT_01197,Low_Activity
EVT_00889,Incident
EVT_00892,Incident
EVT_01602,Incident
EVT_00021,Free_Flow
EVT_01774,Free_Flow
EVT_00629,Free_Flow
EVT_01876,Incident
EVT_00555,Pedestrian_Event
EVT_01251,Pedestrian_Event
EVT_00137,Incident
EVT_00685,Incident
EVT_01412,Pedestrian_Event
EVT_01326,Pedestrian_Event
EVT_01959,Free_Flow
EVT_00862,Free_Flow
EVT_00508,Incident
EVT_01436,Free_Flow
EVT_00605,Pedestrian_Event
EVT_00920,Low_Activity
EVT_01822,Free_Flow
EVT_00769,Free_Flow
EVT_00265,Heavy_Traffic
EVT_00105,Heavy_Traffic
EVT_00244,Low_Activity
EVT_00634,Low_Activity
EVT_00044,Free_Flow
EVT_01655,Free_Flow
EVT_01664,Free_Flow
EVT_00352,Free_Flow
EVT_01833,Low_Activity
EVT_00945,Free_Flow
EVT_00287,Low_Activity
EVT_01853,Free_Flow
EVT_00218,Heavy_Traffic
EVT_00002,Incident
EVT_01604,Pedestrian_Event
EVT_01647,Heavy_Traffic
EVT_01905,Heavy_Traffic
EVT_00022,Low_Activity
EVT_00398,Low_Activity
EVT_01130,Heavy_Traffic
EVT_01413,Heavy_Traffic
EVT_00831,Pedestrian_Event
EVT_00734,Heavy_Traffic
EVT_00650,Free_Flow
EVT_00590,Free_Flow
EVT_01750,Free_Flow
EVT_01260,Free_Flow
EVT_01652,Free_Flow
EVT_00411,Free_Flow
EVT_00020,Low_Activity
EVT_01045,Free_Flow
EVT_00384,Pedestrian_Event
EVT_01674,Free_Flow
EVT_01295,Pedestrian_Event
EVT_01901,Incident
EVT_00546,Low_Activity
EVT_01403,Pedestrian_Event
EVT_00078,Free_Flow
EVT_00139,Heavy_Traffic
EVT_00366,Heavy_Traffic
EVT_00129,Pedestrian_Event
EVT_01248,Pedestrian_Event
EVT_00615,Heavy_Traffic
EVT_01164,Free_Flow
EVT_01555,Heavy_Traffic
EVT_00169,Low_Activity
EVT_01743,Free_Flow
EVT_00949,Pedestrian_Event
EVT_01872,Incident
EVT_01252,Low_Activity
EVT_00194,Low_Activity
EVT_00786,Pedestrian_Event
EVT_00880,Heavy_Traffic
EVT_00275,Free_Flow
EVT_00160,Pedestrian_Event
EVT_00960,Incident
EVT_00423,Free_Flow
EVT_00376,Incident
EVT_00270,Heavy_Traffic
EVT_01494,Pedestrian_Event
EVT_00586,Low_Activity
EVT_00487,Free_Flow
EVT_00671,Pedestrian_Event
EVT_01116,Low_Activity
EVT_01321,Heavy_Traffic
EVT_01952,Incident
EVT_01088,Heavy_Traffic
EVT_00142,Free_Flow
EVT_01596,Free_Flow
EVT_01284,Pedestrian_Event
EVT_01273,Free_Flow
EVT_00302,Low_Activity
EVT_00434,Heavy_Traffic
EVT_00045,Heavy_Traffic
EVT_01036,Pedestrian_Event
EVT_01518,Free_Flow
EVT_01612,Incident
EVT_01802,Incident
EVT_01234,Free_Flow
EVT_00070,Heavy_Traffic
EVT_00484,Low_Activity
EVT_00387,Free_Flow
EVT_00293,Heavy_Traffic
EVT_01944,Pedestrian_Event
EVT_00819,Low_Activity
EVT_00575,Free_Flow
EVT_01526,Heavy_Traffic
EVT_01883,Pedestrian_Event
EVT_D0025,Incident
EVT_00405,Free_Flow
EVT_00211,Low_Activity
EVT_01064,Pedestrian_Event
EVT_00033,Pedestrian_Event
EVT_00255,Free_Flow
EVT_01332,Pedestrian_Event
EVT_01607,Incident
EVT_01196,Heavy_Traffic
EVT_00841,Heavy_Traffic
EVT_00699,Heavy_Traffic
EVT_00415,Free_Flow
EVT_00210,Free_Flow
EVT_01524,Heavy_Traffic
EVT_00716,Free_Flow
EVT_00065,Incident
EVT_01282,Free_Flow
EVT_01266,Low_Activity
EVT_01473,Pedestrian_Event
EVT_01368,Free_Flow
EVT_01392,Heavy_Traffic
EVT_01067,Free_Flow
EVT_01879,Heavy_Traffic
EVT_01835,Heavy_Traffic
EVT_01087,Free_Flow
EVT_01619,Heavy_Traffic
EVT_01780,Incident
EVT_00448,Heavy_Traffic
EVT_00926,Free_Flow
EVT_00502,Incident
EVT_01030,Heavy_Traffic
EVT_01097,Pedestrian_Event
EVT_00863,Free_Flow
EVT_00789,Free_Flow
EVT_00694,Heavy_Traffic
EVT_01335,Incident
EVT_00729,Low_Activity
EVT_00983,Incident
EVT_00693,Incident
EVT_D0028,Free_Flow
EVT_01142,Heavy_Traffic
EVT_00788,Heavy_Traffic
EVT_01921,Heavy_Traffic
EVT_01065,Incident
EVT_00147,Pedestrian_Event
EVT_00183,Pedestrian_Event
EVT_D0003,Pedestrian_Event
EVT_01764,Low_Activity
EVT_00762,Heavy_Traffic
EVT_00579,Low_Activity
EVT_00159,Free_Flow
EVT_00223,Free_Flow
EVT_01024,Incident
EVT_00267,Heavy_Traffic
EVT_01274,Pedestrian_Event
EVT_01707,Heavy_Traffic
EVT_00116,Incident
EVT_00541,Heavy_Traffic
EVT_01908,Free_Flow
EVT_00888,Low_Activity
EVT_00153,Free_Flow
EVT_00898,Low_Activity
EVT_01779,Pedestrian_Event
EVT_00216,Free_Flow
EVT_00989,Incident
EVT_01800,Free_Flow
EVT_00369,Pedestrian_Event
EVT_01126,Incident
EVT_00809,Free_Flow
EVT_01967,Free_Flow
EVT_00102,Incident
EVT_01279,Free_Flow
EVT_00356,Heavy_Traffic
EVT_01439,Incident
EVT_01114,Pedestrian_Event
EVT_00329,Incident
EVT_00853,Low_Activity
EVT_01698,Low_Activity
EVT_01430,Heavy_Traffic
EVT_00913,Incident
EVT_01549,Free_Flow
EVT_00670,Free_Flow
EVT_01035,Free_Flow
EVT_01984,Free_Flow
EVT_00900,Free_Flow
EVT_01947,Heavy_Traffic
EVT_01718,Free_Flow
EVT_00272,Pedestrian_Event
EVT_01884,Heavy_Traffic
EVT_01152,Low_Activity
EVT_00641,Incident
EVT_01235,Free_Flow
EVT_00712,Low_Activity
EVT_01875,Low_Activity
EVT_00288,Heavy_Traffic
EVT_01741,Heavy_Traffic
EVT_00939,Pedestrian_Event
EVT_01459,Free_Flow
EVT_00468,Heavy_Traffic
EVT_01706,Incident
EVT_00463,Free_Flow
EVT_00529,Low_Activity
EVT_D0004,Low_Activity
EVT_00877,Low_Activity
EVT_00084,Free_Flow
EVT_01980,Free_Flow
EVT_01316,Low_Activity
EVT_00013,Pedestrian_Event
EVT_01485,Free_Flow
EVT_00953,Heavy_Traffic
EVT_01870,Pedestrian_Event
EVT_01927,Pedestrian_Event
EVT_01180,Free_Flow
EVT_01634,Low_Activity
EVT_01264,Incident
EVT_00225,Low_Activity
EVT_01890,Pedestrian_Event
EVT_00035,Heavy_Traffic
EVT_00928,Free_Flow
EVT_00222,Heavy_Traffic
EVT_00176,Free_Flow
EVT_01534,Pedestrian_Event
EVT_00245,Heavy_Traffic
EVT_00613,Pedestrian_Event
EVT_01915,Free_Flow
EVT_00692,Pedestrian_Event
EVT_00736,Heavy_Traffic
EVT_01836,Pedestrian_Event
EVT_01106,Incident
EVT_01069,Low_Activity
EVT_01545,Heavy_Traffic
EVT_00709,Incident
EVT_00764,Low_Activity
EVT_00391,Free_Flow
EVT_01866,Free_Flow
EVT_01225,Free_Flow
EVT_01600,Free_Flow
EVT_01453,Free_Flow
EVT_01859,Pedestrian_Event
EVT_00200,Free_Flow
EVT_00156,Incident
EVT_01396,Low_Activity
EVT_01254,Pedestrian_Event
EVT_00481,Low_Activity
EVT_01205,Heavy_Traffic
EVT_01536,Free_Flow
EVT_00399,Heavy_Traffic
EVT_01182,Free_Flow
EVT_00903,Free_Flow
EVT_00813,Low_Activity
EVT_01643,Incident
EVT_00229,Free_Flow
EVT_00431,Heavy_Traffic
EVT_01435,Free_Flow
EVT_00207,Heavy_Traffic
EVT_01627,Heavy_Traffic
EVT_01687,Free_Flow
EVT_01169,Low_Activity
EVT_01497,Heavy_Traffic
EVT_00228,Low_Activity
EVT_01471,Free_Flow
EVT_D0009,Heavy_Traffic
EVT_00397,Low_Activity
EVT_01975,Heavy_Traffic
EVT_01728,Incident
EVT_01509,Free_Flow
EVT_00191,Low_Activity
EVT_01214,Pedestrian_Event
EVT_01050,Incident
EVT_01990,Heavy_Traffic
EVT_01771,Free_Flow
EVT_01554,Pedestrian_Event
EVT_01017,Incident
EVT_01900,Free_Flow
EVT_01243,Heavy_Traffic
EVT_00676,Free_Flow
EVT_01508,Pedestrian_Event
EVT_01913,Pedestrian_Event
EVT_00691,Pedestrian_Event
EVT_01679,Heavy_Traffic
EVT_00626,Free_Flow
EVT_01496,Free_Flow
EVT_01591,Low_Activity
EVT_01654,Free_Flow
EVT_01904,Heavy_Traffic
EVT_00073,Heavy_Traffic
EVT_00401,Free_Flow
EVT_01331,Low_Activity
EVT_01788,Pedestrian_Event
EVT_01369,Low_Activity
EVT_01491,Low_Activity
EVT_01224,Pedestrian_Event
EVT_00523,Low_Activity
EVT_00168,Low_Activity
EVT_00439,Incident
EVT_01685,Incident
EVT_01236,Incident
EVT_01385,Low_Activity
EVT_00096,Low_Activity
EVT_01156,Free_Flow
EVT_01583,Incident
EVT_01772,Pedestrian_Event
EVT_01193,Heavy_Traffic
EVT_01969,Free_Flow
EVT_01294,Low_Activity
EVT_01535,Free_Flow
EVT_00530,Low_Activity
EVT_01477,Free_Flow
EVT_01924,Heavy_Traffic
EVT_00121,Heavy_Traffic
EVT_00380,Free_Flow
EVT_01885,Heavy_Traffic
EVT_01012,Pedestrian_Event
EVT_01756,Pedestrian_Event
EVT_01720,Incident
EVT_01342,Free_Flow
EVT_00990,Low_Activity
EVT_00835,Free_Flow
EVT_00271,Incident
EVT_00896,Pedestrian_Event
EVT_01982,Free_Flow
EVT_01976,Pedestrian_Event
EVT_00672,Pedestrian_Event
EVT_01586,Pedestrian_Event
EVT_00066,Incident
EVT_00392,Heavy_Traffic
EVT_00453,Free_Flow
EVT_01964,Low_Activity
EVT_01038,Low_Activity
EVT_00941,Free_Flow
EVT_00738,Free_Flow
EVT_00971,Pedestrian_Event
EVT_D0011,Low_Activity
EVT_01170,Low_Activity
EVT_01760,Free_Flow
EVT_00470,Heavy_Traffic
EVT_01855,Free_Flow
EVT_00982,Low_Activity
EVT_00501,Low_Activity
EVT_00360,Incident
EVT_01037,Incident
EVT_00290,Incident
EVT_01475,Incident
EVT_00632,Free_Flow
EVT_01410,Free_Flow
EVT_01304,Low_Activity
EVT_01049,Pedestrian_Event
EVT_00028,Heavy_Traffic
EVT_00719,Low_Activity
EVT_00777,Low_Activity
EVT_01773,Incident
EVT_00559,Heavy_Traffic
EVT_00750,Pedestrian_Event
EVT_00864,Pedestrian_Event
EVT_00317,Pedestrian_Event
EVT_D0001,Low_Activity
EVT_01466,Heavy_Traffic
EVT_01113,Free_Flow
EVT_00594,Low_Activity
EVT_01077,Pedestrian_Event
EVT_00981,Pedestrian_Event
EVT_01548,Low_Activity
EVT_01487,Pedestrian_Event
EVT_01974,Heavy_Traffic
EVT_00702,Free_Flow
EVT_00250,Free_Flow
EVT_00908,Pedestrian_Event
EVT_01717,Free_Flow
EVT_00812,Low_Activity
EVT_00354,Low_Activity
EVT_01823,Incident
EVT_00243,Heavy_Traffic
EVT_01542,Free_Flow
EVT_00753,Heavy_Traffic
EVT_00749,Heavy_Traffic
EVT_01926,Heavy_Traffic
EVT_01222,Heavy_Traffic
EVT_01557,Pedestrian_Event
EVT_01570,Free_Flow
EVT_01730,Free_Flow
EVT_00614,Heavy_Traffic
EVT_01297,Free_Flow
EVT_D0014,Heavy_Traffic
EVT_01922,Free_Flow
EVT_01128,Free_Flow
EVT_00881,Pedestrian_Event
EVT_01341,Heavy_Traffic
EVT_01378,Pedestrian_Event
EVT_01794,Pedestrian_Event
EVT_01402,Heavy_Traffic
EVT_01801,Low_Activity
EVT_00817,Incident
EVT_01954,Heavy_Traffic
EVT_01215,Free_Flow
EVT_00925,Low_Activity
EVT_00811,Pedestrian_Event
EVT_00109,Heavy_Traffic
EVT_01861,Heavy_Traffic
EVT_01207,Pedestrian_Event
EVT_01125,Low_Activity
EVT_01158,Low_Activity
EVT_01928,Pedestrian_Event
EVT_01786,Free_Flow
EVT_01781,Free_Flow
EVT_00008,Pedestrian_Event
EVT_00359,Free_Flow
EVT_00342,Incident
EVT_01313,Low_Activity
EVT_01504,Heavy_Traffic
EVT_01302,Heavy_Traffic
EVT_01095,Low_Activity
EVT_00747,Low_Activity
EVT_00899,Free_Flow
EVT_00285,Incident
EVT_01483,Pedestrian_Event
EVT_01666,Pedestrian_Event
EVT_01344,Incident
EVT_01978,Low_Activity
EVT_01499,Low_Activity
EVT_00532,Free_Flow
EVT_00790,Incident
EVT_01306,Free_Flow
EVT_00345,Free_Flow
EVT_00618,Pedestrian_Event
EVT_00807,Pedestrian_Event
EVT_01042,Low_Activity
EVT_00619,Pedestrian_Event
EVT_00859,Free_Flow
EVT_01663,Pedestrian_Event
EVT_01838,Heavy_Traffic
EVT_00215,Low_Activity
EVT_00005,Incident
EVT_01089,Incident
EVT_01790,Free_Flow
EVT_01533,Pedestrian_Event
EVT_00526,Free_Flow
EVT_00821,Free_Flow
EVT_00668,Pedestrian_Event
EVT_01140,Heavy_Traffic
EVT_00548,Pedestrian_Event
EVT_01949,Low_Activity
EVT_01043,Free_Flow
EVT_01611,Free_Flow
EVT_01721,Heavy_Traffic
EVT_00447,Pedestrian_Event
EVT_01423,Pedestrian_Event
EVT_01061,Low_Activity
EVT_01576,Low_Activity
EVT_01722,Heavy_Traffic
EVT_01075,Low_Activity
EVT_00829,Heavy_Traffic
EVT_00640,Pedestrian_Event
EVT_01311,Free_Flow
EVT_00924,Heavy_Traffic
EVT_01305,Free_Flow
EVT_01041,Heavy_Traffic
EVT_01484,Pedestrian_Event
EVT_01812,Free_Flow
EVT_01151,Pedestrian_Event
EVT_00571,Heavy_Traffic
EVT_00865,Pedestrian_Event
EVT_01183,Free_Flow
EVT_00499,Pedestrian_Event
EVT_00414,Low_Activity
EVT_01141,Low_Activity
EVT_00735,Low_Activity
EVT_01840,Heavy_Traffic
EVT_01281,Free_Flow
EVT_00386,Heavy_Traffic
EVT_01846,Free_Flow
EVT_00911,Pedestrian_Event
EVT_01073,Low_Activity
EVT_01132,Incident
EVT_01637,Incident
EVT_01060,Free_Flow
EVT_00041,Incident
EVT_00940,Free_Flow
EVT_01578,Low_Activity
EVT_00993,Incident
EVT_01973,Incident
EVT_00350,Heavy_Traffic
EVT_00280,Free_Flow
EVT_00772,Heavy_Traffic
EVT_00677,Free_Flow
EVT_01187,Heavy_Traffic
EVT_00171,Heavy_Traffic
EVT_01154,Low_Activity
EVT_00956,Heavy_Traffic
EVT_00328,Low_Activity
EVT_00316,Free_Flow
EVT_01379,Heavy_Traffic
EVT_01307,Low_Activity
EVT_01893,Free_Flow
EVT_01361,Heavy_Traffic
EVT_00461,Pedestrian_Event
EVT_01782,Heavy_Traffic
EVT_01531,Heavy_Traffic
EVT_00323,Heavy_Traffic
EVT_D0012,Free_Flow
EVT_00014,Pedestrian_Event
EVT_00703,Incident
EVT_00826,Heavy_Traffic
EVT_01429,Pedestrian_Event
EVT_00976,Heavy_Traffic
EVT_00294,Free_Flow
EVT_01886,Pedestrian_Event
EVT_00787,Free_Flow
EVT_00816,Pedestrian_Event
EVT_01605,Pedestrian_Event
EVT_00922,Free_Flow
EVT_00012,Incident
EVT_01202,Free_Flow
EVT_01985,Free_Flow
EVT_01221,Heavy_Traffic
EVT_01709,Incident
EVT_00318,Pedestrian_Event
EVT_01626,Heavy_Traffic
EVT_00090,Pedestrian_Event
EVT_01529,Low_Activity
EVT_00581,Incident
EVT_00935,Free_Flow
EVT_01387,Free_Flow
EVT_01907,Incident
EVT_00249,Low_Activity
EVT_00519,Heavy_Traffic
EVT_01330,Free_Flow
EVT_00601,Heavy_Traffic
EVT_01465,Incident
EVT_01096,Incident
EVT_01456,Heavy_Traffic
EVT_00740,Free_Flow
EVT_01160,Low_Activity
EVT_00837,Pedestrian_Event
EVT_01268,Pedestrian_Event
EVT_01588,Free_Flow
EVT_01871,Heavy_Traffic
EVT_00430,Pedestrian_Event
EVT_00918,Heavy_Traffic
EVT_00358,Heavy_Traffic
EVT_00552,Heavy_Traffic
EVT_01810,Low_Activity
EVT_01710,Incident
EVT_01622,Pedestrian_Event
EVT_01119,Heavy_Traffic
EVT_01581,Incident
EVT_01261,Free_Flow
EVT_00312,Heavy_Traffic
EVT_00330,Free_Flow
EVT_00251,Free_Flow
EVT_00400,Heavy_Traffic
EVT_01857,Heavy_Traffic
EVT_00852,Low_Activity
EVT_01734,Heavy_Traffic
EVT_01419,Incident
EVT_00929,Free_Flow
EVT_01138,Heavy_Traffic
EVT_00006,Heavy_Traffic
EVT_00132,Incident
EVT_00992,Heavy_Traffic
EVT_00793,Incident
EVT_00673,Incident
EVT_00651,Pedestrian_Event
EVT_01701,Incident
EVT_01561,Pedestrian_Event
EVT_01574,Low_Activity
EVT_01646,Heavy_Traffic
EVT_00665,Heavy_Traffic
EVT_01672,Pedestrian_Event
EVT_00978,Incident
EVT_00489,Free_Flow
EVT_01563,Free_Flow
EVT_01318,Pedestrian_Event
EVT_01288,Free_Flow
EVT_01129,Free_Flow
EVT_00520,Heavy_Traffic
EVT_01751,Free_Flow
EVT_01303,Incident
EVT_00421,Heavy_Traffic
EVT_01736,Free_Flow
EVT_01209,Low_Activity
EVT_01748,Low_Activity
EVT_01010,Heavy_Traffic
EVT_00343,Low_Activity
EVT_00854,Pedestrian_Event
EVT_01768,Incident
EVT_00284,Heavy_Traffic
EVT_00382,Low_Activity
EVT_00485,Free_Flow
EVT_01587,Free_Flow
EVT_00236,Pedestrian_Event
EVT_00998,Free_Flow
EVT_00258,Pedestrian_Event
EVT_00309,Free_Flow
EVT_00708,Heavy_Traffic
EVT_00952,Heavy_Traffic
EVT_00687,Pedestrian_Event
EVT_01044,Pedestrian_Event
EVT_00375,Heavy_Traffic
EVT_00730,Heavy_Traffic
EVT_01766,Pedestrian_Event
EVT_00110,Pedestrian_Event
EVT_00705,Heavy_Traffic
EVT_01262,Heavy_Traffic
EVT_01550,Heavy_Traffic
EVT_01000,Heavy_Traffic
EVT_00801,Free_Flow
EVT_01676,Free_Flow
EVT_00568,Pedestrian_Event
EVT_01747,Heavy_Traffic
EVT_00951,Free_Flow
EVT_01830,Free_Flow
EVT_01553,Low_Activity
EVT_00346,Low_Activity
EVT_00331,Free_Flow
EVT_01953,Pedestrian_Event
EVT_01211,Free_Flow
EVT_01393,Incident
EVT_D0027,Low_Activity
EVT_00861,Pedestrian_Event
EVT_00017,Incident
EVT_00637,Free_Flow
EVT_00921,Free_Flow
EVT_01630,Pedestrian_Event
EVT_00562,Heavy_Traffic
EVT_01960,Heavy_Traffic
EVT_00858,Low_Activity
EVT_00488,Heavy_Traffic
EVT_00208,Pedestrian_Event
EVT_01339,Heavy_Traffic
EVT_01892,Pedestrian_Event
EVT_00379,Free_Flow
EVT_00456,Heavy_Traffic
EVT_01644,Low_Activity
EVT_01046,Pedestrian_Event
EVT_00475,Low_Activity
EVT_01979,Incident
EVT_00264,Low_Activity
EVT_00053,Pedestrian_Event
EVT_01868,Pedestrian_Event
EVT_00135,Free_Flow
EVT_00252,Incident
EVT_00108,Heavy_Traffic
EVT_01889,Pedestrian_Event
EVT_01906,Pedestrian_Event
EVT_01336,Low_Activity
EVT_00545,Heavy_Traffic
EVT_01887,Heavy_Traffic
EVT_00104,Incident
EVT_00558,Free_Flow
EVT_01328,Pedestrian_Event
EVT_01635,Incident
EVT_01474,Low_Activity
EVT_00616,Free_Flow
EVT_01584,Heavy_Traffic
EVT_01856,Free_Flow
EVT_01809,Free_Flow
EVT_01022,Pedestrian_Event
EVT_01568,Pedestrian_Event
EVT_01468,Heavy_Traffic
EVT_00679,Low_Activity
EVT_00150,Heavy_Traffic
EVT_00098,Low_Activity
EVT_00604,Incident
EVT_01673,Heavy_Traffic
EVT_00556,Heavy_Traffic
EVT_01372,Heavy_Traffic
EVT_00602,Incident
EVT_00756,Free_Flow
EVT_01538,Pedestrian_Event
EVT_00962,Heavy_Traffic
EVT_01346,Incident
EVT_00455,Pedestrian_Event
EVT_00394,Heavy_Traffic
EVT_00681,Free_Flow
EVT_01219,Incident
EVT_01085,Pedestrian_Event
EVT_01829,Incident
EVT_00173,Heavy_Traffic
EVT_01241,Heavy_Traffic
EVT_01293,Heavy_Traffic
EVT_00919,Low_Activity
EVT_00024,Low_Activity
EVT_01259,Free_Flow
EVT_00697,Free_Flow
EVT_01327,Pedestrian_Event
EVT_00195,Free_Flow
EVT_01366,Free_Flow
EVT_00500,Pedestrian_Event
EVT_00260,Low_Activity
EVT_01686,Free_Flow
EVT_01912,Free_Flow
EVT_01136,Free_Flow
EVT_00353,Free_Flow
EVT_01031,Free_Flow
EVT_01929,Low_Activity
EVT_00710,Low_Activity
EVT_00728,Incident
EVT_00647,Low_Activity
EVT_01623,Free_Flow
EVT_00242,Free_Flow
EVT_00335,Heavy_Traffic
EVT_00706,Heavy_Traffic
EVT_00364,Incident
EVT_01987,Free_Flow
EVT_01735,Heavy_Traffic
EVT_01684,Low_Activity
EVT_00553,Heavy_Traffic
EVT_01516,Free_Flow
EVT_01712,Heavy_Traffic
EVT_00049,Pedestrian_Event
EVT_01662,Free_Flow
EVT_01323,Low_Activity
EVT_00867,Pedestrian_Event
EVT_00603,Heavy_Traffic
EVT_00023,Free_Flow
EVT_01808,Heavy_Traffic
EVT_01940,Free_Flow
EVT_01363,Free_Flow
EVT_00396,Free_Flow
EVT_01770,Low_Activity
EVT_00077,Free_Flow
EVT_D0006,Heavy_Traffic
EVT_00390,Incident
EVT_00303,Pedestrian_Event
EVT_01631,Heavy_Traffic
EVT_01118,Low_Activity
EVT_01201,Low_Activity
EVT_00600,Free_Flow
EVT_01769,Free_Flow
EVT_01696,Free_Flow
EVT_00368,Pedestrian_Event
EVT_D0029,Heavy_Traffic
EVT_00805,Low_Activity
EVT_01464,Incident
EVT_00441,Free_Flow
EVT_00714,Free_Flow
EVT_00977,Pedestrian_Event
EVT_01594,Incident
EVT_00868,Heavy_Traffic
EVT_01007,Free_Flow
EVT_00220,Heavy_Traffic
EVT_00944,Heavy_Traffic
EVT_01482,Free_Flow
EVT_01434,Low_Activity
EVT_01090,Incident
EVT_01540,Free_Flow
EVT_01946,Incident
EVT_01656,Low_Activity
EVT_00760,Free_Flow
EVT_01539,Pedestrian_Event
EVT_01186,Free_Flow
EVT_00701,Incident
EVT_00433,Free_Flow
EVT_00103,Free_Flow
EVT_00362,Free_Flow
EVT_01784,Incident
EVT_D0018,Heavy_Traffic
EVT_01828,Free_Flow
EVT_00725,Heavy_Traffic
EVT_00828,Low_Activity
EVT_00315,Incident
EVT_01206,Heavy_Traffic
EVT_00474,Pedestrian_Event
EVT_01476,Free_Flow
EVT_00269,Low_Activity
EVT_00643,Heavy_Traffic
EVT_00193,Free_Flow
EVT_00873,Free_Flow
EVT_00850,Incident
EVT_01399,Free_Flow
EVT_01874,Low_Activity
EVT_00072,Heavy_Traffic
EVT_00422,Heavy_Traffic
EVT_01865,Low_Activity
EVT_00661,Incident
EVT_01860,Low_Activity
EVT_00512,Pedestrian_Event
EVT_01289,Pedestrian_Event
EVT_00138,Free_Flow
EVT_01117,Heavy_Traffic
EVT_01177,Incident
EVT_01296,Low_Activity
EVT_00799,Heavy_Traffic
EVT_01713,Incident
EVT_01937,Free_Flow
EVT_00723,Free_Flow
EVT_01804,Free_Flow
EVT_00016,Heavy_Traffic
EVT_00099,Pedestrian_Event
EVT_01695,Heavy_Traffic
EVT_00071,Free_Flow
EVT_00684,Incident
EVT_01963,Low_Activity
EVT_01628,Pedestrian_Event
EVT_00839,Incident
EVT_00067,Free_Flow
EVT_00611,Low_Activity
EVT_01692,Heavy_Traffic
EVT_00948,Heavy_Traffic
EVT_00930,Free_Flow
EVT_01898,Low_Activity
EVT_01447,Pedestrian_Event
EVT_00830,Heavy_Traffic
EVT_00003,Free_Flow
EVT_01795,Heavy_Traffic
EVT_00152,Free_Flow
EVT_01208,Low_Activity
EVT_01299,Incident
EVT_01989,Heavy_Traffic
EVT_01564,Pedestrian_Event
EVT_00695,Pedestrian_Event
EVT_00680,Heavy_Traffic
EVT_D0017,Heavy_Traffic
EVT_00320,Low_Activity
EVT_00659,Heavy_Traffic
EVT_01258,Free_Flow
EVT_00848,Low_Activity
EVT_00322,Free_Flow
EVT_01185,Low_Activity
EVT_01527,Pedestrian_Event
EVT_00426,Heavy_Traffic
EVT_01444,Heavy_Traffic
EVT_01250,Pedestrian_Event
EVT_00010,Free_Flow
EVT_00106,Pedestrian_Event
EVT_01285,Incident
EVT_01512,Pedestrian_Event
EVT_00057,Pedestrian_Event
EVT_00534,Pedestrian_Event
EVT_00907,Low_Activity
EVT_01918,Heavy_Traffic
EVT_00833,Free_Flow
EVT_01290,Low_Activity
EVT_01388,Pedestrian_Event
EVT_00874,Low_Activity
EVT_00482,Pedestrian_Event
EVT_01184,Low_Activity
EVT_01986,Heavy_Traffic
EVT_01775,Low_Activity
EVT_00932,Heavy_Traffic
EVT_00425,Incident
EVT_01329,Incident
EVT_00527,Heavy_Traffic
EVT_00178,Heavy_Traffic
EVT_01347,Low_Activity
EVT_01688,Free_Flow
EVT_01639,Heavy_Traffic
EVT_00722,Incident
EVT_00124,Free_Flow
EVT_01503,Incident
EVT_01033,Heavy_Traffic
EVT_01015,Free_Flow
EVT_01667,Free_Flow
EVT_00886,Low_Activity
EVT_01601,Pedestrian_Event
EVT_00282,Free_Flow
EVT_D0015,Low_Activity
EVT_01480,Incident
EVT_00608,Low_Activity
EVT_00549,Pedestrian_Event
EVT_00533,Incident
EVT_01567,Heavy_Traffic
EVT_01094,Free_Flow
EVT_00551,Free_Flow
EVT_00845,Incident
EVT_01424,Heavy_Traffic
EVT_00261,Heavy_Traffic
EVT_00653,Pedestrian_Event
EVT_00321,Heavy_Traffic
EVT_00281,Heavy_Traffic
EVT_01789,Free_Flow
EVT_00081,Free_Flow
EVT_00056,Heavy_Traffic
EVT_00580,Free_Flow
EVT_00444,Low_Activity
EVT_00100,Pedestrian_Event
EVT_01682,Free_Flow
EVT_00573,Pedestrian_Event
EVT_01063,Low_Activity
EVT_01489,Heavy_Traffic
EVT_00698,Pedestrian_Event
EVT_01108,Free_Flow
EVT_00409,Heavy_Traffic
EVT_00503,Incident
EVT_01338,Pedestrian_Event
EVT_00027,Pedestrian_Event
EVT_01320,Low_Activity
EVT_01271,Pedestrian_Event
EVT_00950,Heavy_Traffic
EVT_00878,Low_Activity
EVT_01190,Pedestrian_Event
EVT_00174,Low_Activity
EVT_01562,Incident
EVT_01426,Incident
EVT_00560,Incident
EVT_00155,Free_Flow
EVT_01910,Low_Activity
EVT_01997,Incident
EVT_00958,Pedestrian_Event
EVT_00739,Free_Flow
EVT_00748,Pedestrian_Event
EVT_00627,Heavy_Traffic
EVT_00050,Free_Flow
EVT_00504,Heavy_Traffic
EVT_00074,Heavy_Traffic
EVT_01401,Low_Activity
EVT_00609,Incident
EVT_00310,Pedestrian_Event
EVT_01150,Low_Activity
EVT_00625,Pedestrian_Event
EVT_01032,Pedestrian_Event
EVT_01761,Pedestrian_Event
EVT_00297,Pedestrian_Event
EVT_01869,Heavy_Traffic
EVT_D0022,Free_Flow
EVT_00936,Low_Activity
EVT_00224,Incident
EVT_01146,Pedestrian_Event
EVT_01441,Free_Flow
EVT_00204,Low_Activity
EVT_01650,Free_Flow
EVT_00715,Heavy_Traffic
EVT_01694,Heavy_Traffic
EVT_01127,Heavy_Traffic
EVT_00339,Pedestrian_Event
EVT_01438,Free_Flow
EVT_01903,Low_Activity
EVT_00340,Heavy_Traffic
EVT_00798,Free_Flow
EVT_01310,Free_Flow
EVT_00720,Free_Flow
EVT_00779,Free_Flow
EVT_00079,Free_Flow
EVT_00068,Low_Activity
EVT_00804,Free_Flow
EVT_00752,Heavy_Traffic
EVT_01821,Low_Activity
EVT_01616,Low_Activity
EVT_01415,Low_Activity
EVT_01925,Pedestrian_Event
EVT_00667,Pedestrian_Event
EVT_01992,Heavy_Traffic
EVT_01729,Heavy_Traffic
EVT_01407,Free_Flow
EVT_01076,Free_Flow
EVT_00460,Free_Flow
EVT_00311,Low_Activity
EVT_00064,Heavy_Traffic
EVT_00890,Low_Activity
EVT_01543,Incident
EVT_00823,Free_Flow
EVT_01847,Low_Activity
EVT_01732,Free_Flow
EVT_00004,Incident
EVT_00283,Free_Flow
EVT_01192,Incident
EVT_01181,Low_Activity
EVT_01498,Free_Flow
EVT_01931,Incident
EVT_01613,Incident
EVT_00206,Incident
EVT_01212,Incident
EVT_01962,Free_Flow
EVT_01733,Free_Flow
EVT_01716,Pedestrian_Event
EVT_00607,Pedestrian_Event
EVT_01109,Incident
EVT_00231,Heavy_Traffic
EVT_00093,Heavy_Traffic
EVT_00107,Heavy_Traffic
EVT_01133,Low_Activity
EVT_01556,Pedestrian_Event
EVT_00592,Low_Activity
EVT_00742,Incident
EVT_00018,Low_Activity
EVT_00095,Low_Activity
EVT_01452,Low_Activity
EVT_01355,Low_Activity
EVT_01195,Low_Activity
EVT_00189,Heavy_Traffic
EVT_00557,Pedestrian_Event
EVT_00870,Incident
EVT_00606,Free_Flow
EVT_00780,Heavy_Traffic
EVT_01837,Low_Activity
EVT_00696,Pedestrian_Event
EVT_00905,Free_Flow
EVT_01245,Heavy_Traffic
EVT_01467,Free_Flow
EVT_01376,Pedestrian_Event
EVT_01755,Incident
EVT_01700,Free_Flow
EVT_00763,Low_Activity
EVT_00589,Pedestrian_Event
EVT_00515,Heavy_Traffic
EVT_01291,Free_Flow
EVT_00909,Free_Flow
EVT_00410,Free_Flow
EVT_01460,Incident
EVT_01398,Heavy_Traffic
EVT_01609,Heavy_Traffic
EVT_00442,Free_Flow
EVT_01157,Free_Flow
EVT_01179,Heavy_Traffic
EVT_01505,Heavy_Traffic
EVT_01668,Incident
EVT_01983,Heavy_Traffic
EVT_D0024,Low_Activity
EVT_01878,Pedestrian_Event
EVT_00612,Incident
EVT_01826,Pedestrian_Event
EVT_01632,Low_Activity
EVT_00145,Heavy_Traffic
EVT_01681,Low_Activity
EVT_00472,Free_Flow
EVT_01752,Free_Flow
EVT_00490,Low_Activity
EVT_01014,Free_Flow
EVT_00117,Low_Activity
EVT_00254,Pedestrian_Event
EVT_01762,Heavy_Traffic
EVT_01244,Free_Flow
EVT_00286,Free_Flow
EVT_01230,Free_Flow
EVT_00682,Heavy_Traffic
EVT_00370,Heavy_Traffic
EVT_01571,Low_Activity
EVT_01461,Heavy_Traffic
EVT_01806,Low_Activity
EVT_01080,Heavy_Traffic
EVT_00810,Low_Activity
EVT_00782,Heavy_Traffic
EVT_00617,Incident
EVT_01018,Low_Activity
EVT_01862,Pedestrian_Event
EVT_00232,Incident
EVT_01163,Free_Flow
EVT_00593,Low_Activity
EVT_00686,Heavy_Traffic
EVT_00199,Low_Activity
EVT_00333,Low_Activity
EVT_01776,Free_Flow
EVT_00085,Heavy_Traffic
EVT_00292,Heavy_Traffic
EVT_01645,Pedestrian_Event
EVT_00884,Pedestrian_Event
EVT_00569,Incident
EVT_00973,Pedestrian_Event
EVT_00916,Free_Flow
EVT_00875,Pedestrian_Event
EVT_00325,Free_Flow
EVT_00089,Low_Activity
EVT_00338,Pedestrian_Event
EVT_01238,Heavy_Traffic
EVT_00276,Heavy_Traffic
EVT_00840,Free_Flow
EVT_01008,Low_Activity
EVT_00494,Free_Flow
EVT_00075,Pedestrian_Event
EVT_01414,Low_Activity
EVT_00631,Low_Activity
EVT_00846,Heavy_Traffic
EVT_01738,Heavy_Traffic
EVT_01939,Heavy_Traffic
EVT_01603,Incident
EVT_01911,Incident
EVT_00803,Free_Flow
EVT_01277,Free_Flow
EVT_01767,Incident
EVT_00849,Pedestrian_Event
EVT_01352,Incident
EVT_00851,Heavy_Traffic
EVT_00662,Free_Flow
EVT_01249,Free_Flow
EVT_00237,Free_Flow
EVT_01334,Free_Flow
EVT_00946,Heavy_Traffic
EVT_00465,Pedestrian_Event
EVT_00418,Pedestrian_Event
EVT_00420,Free_Flow
EVT_01308,Free_Flow
EVT_00564,Free_Flow
EVT_01510,Incident
EVT_01818,Low_Activity
EVT_00042,Heavy_Traffic
EVT_00791,Heavy_Traffic
EVT_01390,Pedestrian_Event
EVT_01071,Incident
EVT_00462,Heavy_Traffic
EVT_01457,Heavy_Traffic
EVT_00483,Heavy_Traffic
EVT_01514,Heavy_Traffic
EVT_00893,Low_Activity
EVT_00834,Low_Activity
EVT_01896,Low_Activity
EVT_D0026,Incident
EVT_00914,Low_Activity
EVT_01166,Heavy_Traffic
EVT_01680,Free_Flow
EVT_00307,Pedestrian_Event
EVT_01081,Free_Flow
EVT_01488,Free_Flow
EVT_D0008,Low_Activity
EVT_00417,Low_Activity
EVT_01956,Free_Flow
EVT_01016,Incident
EVT_00268,Free_Flow
EVT_00408,Heavy_Traffic
EVT_00827,Free_Flow
EVT_00866,Pedestrian_Event
EVT_00802,Free_Flow
EVT_01723,Pedestrian_Event
EVT_01153,Low_Activity
EVT_01877,Pedestrian_Event
EVT_00635,Heavy_Traffic
EVT_00972,Heavy_Traffic
EVT_00622,Free_Flow
EVT_01988,Free_Flow
EVT_00721,Heavy_Traffic
EVT_01843,Incident
EVT_01373,Incident
EVT_00964,Incident
EVT_00658,Heavy_Traffic
EVT_00476,Free_Flow
EVT_00872,Low_Activity
EVT_01408,Free_Flow
EVT_01942,Heavy_Traffic
EVT_01994,Free_Flow
EVT_00800,Heavy_Traffic
EVT_00273,Pedestrian_Event
EVT_01831,Pedestrian_Event
EVT_00645,Low_Activity
EVT_00163,Free_Flow
EVT_00513,Heavy_Traffic
EVT_00009,Incident
EVT_00999,Free_Flow
EVT_01965,Heavy_Traffic
EVT_00449,Heavy_Traffic
EVT_01580,Pedestrian_Event
EVT_01714,Heavy_Traffic
EVT_00536,Heavy_Traffic
EVT_00440,Incident
EVT_00954,Heavy_Traffic
EVT_00897,Low_Activity
EVT_00040,Heavy_Traffic
EVT_01134,Incident
EVT_01914,Heavy_Traffic
EVT_00239,Pedestrian_Event
EVT_01851,Incident
EVT_00493,Pedestrian_Event
EVT_01834,Free_Flow
EVT_00034,Heavy_Traffic
EVT_00037,Incident
EVT_01575,Incident
EVT_01381,Low_Activity
EVT_00784,Heavy_Traffic
EVT_00547,Low_Activity
EVT_00458,Incident
EVT_01936,Free_Flow
EVT_01360,Heavy_Traffic
EVT_01737,Free_Flow
