row_id,vehicle_count,avg_vehicle_speed_kmph,road_occupancy_pct,pedestrian_count,incident_distance_m
EVT9_00238,19.2,7.6,61.1,2.9,3.5
EVT9_01677,49.9,7.5,77.9,7.6,480.7
EVT9_00486,29.9,10.8,81.1,2.9,4.2
EVT9_00731,30.9,66.3,18.8,0.0,334.5
EVT9_00689,10.8,,43.4,1.8,101.4
EVT9_00388,28.7,29.7,68.2,25.7,65.3
EVT9_01610,16.5,40.9,26.8,2.6,199.9
EVT9_01945,3.3,21.3,6.5,2.2,174.1
EVT9_00266,30.9,18.2,69.8,3.6,42.9
EVT9_01500,14.9,54.3,20.4,14.5,62.6
EVT9_00452,28.3,24.2,56.6,1.9,336.9
EVT9_00773,34.2,8.5,56.5,10.7,59.3
EVT9_00576,3.3,51.8,0.0,0.9,528.1
EVT9_00334,25.6,0.0,42.9,9.0,378.0
EVT9_01841,19.0,13.0,71.0,3.6,41.9
EVT9_00910,2.7,71.1,0.0,0.0,84.9
EVT9_00120,5.6,15.9,39.4,25.9,87.2
EVT9_00196,17.1,,33.2,6.1,419.0
EVT9_01115,48.0,11.3,4.0,13.6,481.4
EVT9_00300,31.9,30.1,27.8,6.8,43.4
EVT9_00101,22.7,42.5,20.0,5.7,60.3
EVT9_01247,35.7,24.6,80.4,8.7,292.2
EVT9_01103,57.2,9.1,77.9,11.3,180.7
EVT9_01048,16.3,8.2,94.2,3.0,249.2
EVT9_00582,29.6,38.0,51.4,4.7,128.1
EVT9_01621,52.1,17.0,46.8,5.3,32.0
EVT9_00761,14.6,35.4,18.5,17.8,38.9
EVT9_00522,3.0,34.7,8.3,1.1,148.1
EVT9_01213,17.5,18.4,55.6,8.4,395.7
EVT9_01996,17.3,0.7,45.0,15.8,2.9
EVT9_01217,12.4,31.0,33.1,2.6,104.9
EVT9_01428,0.9,40.8,55.8,18.6,51.9
EVT9_01880,19.1,7.1,61.3,8.5,65.5
EVT9_00031,11.3,31.7,39.8,8.0,117.4
EVT9_00374,11.4,25.9,27.9,3.3,189.9
EVT9_00473,22.9,6.0,49.3,1.1,18.1
EVT9_01147,32.9,27.9,24.3,5.0,522.1
EVT9_01233,41.3,28.3,39.3,4.7,395.9
EVT9_00923,28.5,27.4,63.5,6.3,25.1
EVT9_01343,24.6,-80.7,26.1,9.4,51.3
EVT9_00943,20.4,56.0,42.0,2.9,449.0
EVT9_00822,33.0,12.9,48.0,4.3,279.5
EVT9_00007,3.4,24.2,13.6,1.0,108.1
EVT9_00230,4.5,27.9,9.4,2.6,64.6
EVT9_01757,24.1,28.2,56.3,5.1,163.1
EVT9_00141,14.7,26.7,54.1,16.7,169.2
EVT9_00304,5.7,18.1,70.4,8.8,40.8
EVT9_00478,19.1,30.9,16.4,3.4,45.3
EVT9_01825,31.4,24.6,37.2,13.5,464.5
EVT9_00011,34.4,32.7,,12.0,36.5
EVT9_01943,1.1,27.6,8.1,3.0,440.0
EVT9_00201,4.3,49.8,14.5,1.0,221.6
EVT9_00469,7.9,42.2,0.0,0.9,155.3
EVT9_01082,22.4,17.6,23.3,16.7,392.9
EVT9_01242,23.7,34.6,28.5,13.0,37.2
EVT9_00445,21.4,42.6,39.5,7.2,59.0
EVT9_00086,3.5,56.4,6.3,2.0,407.1
EVT9_01026,0.0,40.6,1050.9,4.0,423.5
EVT9_00917,11.2,15.7,21.3,2.1,56.4
EVT9_00895,36.0,8.8,65.9,7.9,71.1
EVT9_00372,30.0,4.8,76.3,7.2,75.1
EVT9_01104,10.2,59.9,7.4,1.0,123.4
EVT9_00355,17.6,35.1,0.0,3.5,42.1
EVT9_01649,1.9,54.3,38.2,0.9,198.7
EVT9_00479,18.7,37.0,31.1,7.2,166.8
EVT9_00794,42.5,16.0,85.8,5.2,35.1
EVT9_01200,48.2,14.5,29.1,2.1,194.7
EVT9_00349,36.0,34.0,32.3,3.2,58.4
EVT9_00767,32.3,20.6,70.4,6.2,115.2
EVT9_01417,64.2,6.9,37.1,5.5,119.5
EVT9_01009,0.0,28.9,28.9,18.8,
EVT9_00937,28.2,19.8,48.0,6.6,8.6
EVT9_00820,7.7,25.5,60.9,20.3,301.4
EVT9_00185,30.6,16.4,48.1,15.4,
EVT9_00274,20.2,19.5,26.8,3.7,74.1
EVT9_00902,32.1,10.1,30.2,2.0,61.0
EVT9_00048,38.9,14.2,42.5,7.8,57.3
EVT9_00666,15.7,42.4,44.6,2.3,262.0
EVT9_00213,46.0,20.8,,6.1,356.0
EVT9_01433,18.6,28.6,13.2,12.5,116.8
EVT9_01006,64.3,,66.7,6.1,164.3
EVT9_01930,4.1,32.9,14.2,0.0,63.0
EVT9_01481,26.6,36.5,44.2,22.5,58.6
EVT9_01827,8.7,44.3,11.1,1.1,229.4
EVT9_00775,12.3,16.5,68.4,8.0,27.2
EVT9_00327,13.3,46.9,43.1,8.1,117.9
EVT9_00381,16.0,41.6,15.2,3.1,67.0
EVT9_00291,28.1,30.5,31.9,6.3,20.5
EVT9_01726,1.1,51.6,30.5,0.9,89.6
EVT9_D0020,38.7,26.4,69.9,2.8,288.3
EVT9_00778,5.3,21.6,5.7,0.0,312.4
EVT9_01257,5.3,37.2,10.5,0.0,70.5
EVT9_01814,15.1,39.2,25.5,0.9,61.8
EVT9_01820,14.3,48.3,24.7,5.7,49.3
EVT9_01110,3.2,2.5,47.5,12.8,51.7
EVT9_01950,31.9,20.8,62.0,19.6,457.3
EVT9_00060,27.2,32.9,45.8,10.9,47.6
EVT9_00030,37.2,23.2,73.2,10.3,137.5
EVT9_01019,15.4,25.3,74.8,4.5,57.3
EVT9_01934,10.6,17.2,32.4,4.5,11.8
EVT9_00621,0.9,44.9,4.1,2.1,476.8
EVT9_00785,2.1,13.3,32.0,44.8,303.4
EVT9_01269,7.6,,16.8,0.0,139.7
EVT9_01657,50.1,27.9,69.6,9.0,203.0
EVT9_00931,9.0,25.9,30.8,28.6,132.2
EVT9_00235,24.0,9.7,40.8,5.4,5.8
EVT9_01083,13.6,33.1,33.9,22.2,46.1
EVT9_01863,21.5,39.8,30.4,17.6,31.5
EVT9_00262,17.5,,35.4,3.7,94.8
EVT9_00957,10.5,63.0,19.3,3.5,124.0
EVT9_00795,1.9,55.8,12.6,1.1,149.0
EVT9_00413,15.3,5.3,,8.7,208.2
EVT9_01175,21.4,7.5,42.7,5.6,19.5
EVT9_00259,20.8,29.0,62.0,25.1,346.5
EVT9_00131,9.4,41.7,2.6,0.9,238.1
EVT9_01298,48.9,17.7,42.8,9.1,46.3
EVT9_01121,17.5,17.2,58.9,5.6,93.8
EVT9_01705,12.7,43.8,12.5,8.6,68.1
EVT9_00197,34.7,56.7,38.7,4.9,431.4
EVT9_01787,39.5,0.0,31.3,5.2,50.2
EVT9_01501,3.3,24.7,10.5,1.0,201.0
EVT9_01711,34.7,20.3,57.3,7.1,9.4
EVT9_00986,41.6,40.3,74.8,19.4,254.1
EVT9_00507,18.5,17.5,32.7,36.3,217.2
EVT9_00130,3.7,54.7,8.4,4.3,363.3
EVT9_01486,0.0,44.1,18.2,2.2,326.0
EVT9_00497,17.5,16.8,60.9,2.7,57.4
EVT9_00326,28.8,26.3,3.2,17.3,332.2
EVT9_01744,13.6,32.3,62.4,1.9,184.9
EVT9_01848,29.1,0.0,74.3,4.5,104.2
EVT9_00182,16.6,42.3,30.7,3.3,89.2
EVT9_00537,15.6,15.9,94.1,2.1,20.1
EVT9_01842,33.7,2.4,89.2,8.2,57.8
EVT9_00112,27.6,34.2,86.0,2.9,56.3
EVT9_01107,54.4,16.1,71.3,10.6,84.3
EVT9_00969,21.8,42.1,14.0,5.2,85.9
EVT9_01353,5.0,63.2,14.6,0.0,301.2
EVT9_01633,32.9,35.4,28.1,14.9,65.0
EVT9_00554,6.7,61.5,51.4,3.3,490.5
EVT9_00119,32.0,19.6,53.0,12.6,7.1
EVT9_01579,34.2,21.8,83.0,5.1,42.1
EVT9_00894,28.7,0.0,32.1,6.7,2.4
EVT9_00996,4.0,5.2,12.3,3.0,125.4
EVT9_00518,27.3,39.3,57.3,18.0,99.4
EVT9_01758,34.6,37.2,39.9,6.7,463.2
EVT9_00039,18.1,30.9,58.3,5.5,336.5
EVT9_01670,13.4,40.1,20.6,3.1,45.1
EVT9_01923,6.0,,11.8,2.1,53.8
EVT9_00177,10.4,64.8,36.7,10.0,52.0
EVT9_01881,28.9,13.5,41.6,12.3,4.9
EVT9_01047,22.4,12.5,59.2,29.3,76.8
EVT9_00531,24.0,11.4,43.0,12.3,108.6
EVT9_01891,18.8,54.4,63.3,3.0,121.8
EVT9_01165,3.0,66.9,2.9,4.3,55.2
EVT9_01791,44.7,10.8,67.8,8.6,38.4
EVT9_01909,34.1,23.0,65.7,3.1,162.7
EVT9_01409,63.1,30.0,66.1,6.3,424.8
EVT9_01122,47.5,0.0,39.0,5.4,195.5
EVT9_00436,12.0,21.7,28.7,16.0,93.8
EVT9_01188,3.2,75.4,25.0,2.6,129.3
EVT9_00514,3.8,38.9,25.1,1.0,160.3
EVT9_01374,33.3,61.0,26.8,3.6,221.2
EVT9_00690,20.8,31.5,19.3,5.7,2.2
EVT9_00092,4.0,27.1,39.3,0.0,42.2
EVT9_01463,14.9,45.6,45.2,1.0,178.3
EVT9_01472,0.0,34.2,54.1,11.2,189.6
EVT9_01998,5.7,8.7,55.1,3.1,2.8
EVT9_00525,17.2,46.4,38.1,4.2,180.1
EVT9_00847,30.2,13.2,56.7,20.9,327.6
EVT9_00974,3.1,11.5,69.3,0.9,390.7
EVT9_00660,25.3,66.6,37.3,3.5,341.1
EVT9_01099,22.2,22.8,54.5,7.7,43.5
EVT9_00088,38.1,34.3,23.7,0.0,131.0
EVT9_01144,36.7,22.7,37.1,18.3,354.7
EVT9_01970,19.8,19.9,42.6,12.1,11.9
EVT9_01078,37.0,9.7,62.4,3.0,483.5
EVT9_01391,19.0,6.6,43.1,30.9,72.4
EVT9_00933,32.8,18.5,9.6,5.3,10.3
EVT9_00882,27.1,40.2,24.2,17.9,401.9
EVT9_00219,19.6,29.9,57.2,6.2,4.5
EVT9_01525,29.5,32.1,24.3,2.9,251.1
EVT9_00521,9.7,32.2,42.9,33.9,64.7
EVT9_01055,39.5,11.5,73.1,10.4,372.2
EVT9_01478,12.2,42.8,12.8,1.0,442.0
EVT9_00912,12.1,21.8,51.1,6.2,211.8
EVT9_00097,24.1,39.4,28.1,4.2,118.2
EVT9_01546,21.9,55.2,17.6,1.9,143.4
EVT9_01446,5.1,32.3,5.7,1.9,63.5
EVT9_01803,17.2,57.7,31.5,5.5,40.1
EVT9_00639,13.8,56.1,16.9,0.9,102.6
EVT9_00642,39.5,26.0,54.2,8.8,38.4
EVT9_01348,4.5,56.4,17.1,1.0,267.3
EVT9_01337,16.8,48.9,48.3,4.3,131.8
EVT9_00663,0.0,17.0,48.6,2.1,4.3
EVT9_01278,10.5,36.5,48.1,5.5,
EVT9_01895,4.8,58.3,8.8,1.0,81.0
EVT9_00561,23.5,33.9,46.3,16.7,113.1
EVT9_01617,5.6,57.2,5.1,0.0,100.2
EVT9_01597,60.3,,82.3,1.1,317.7
EVT9_01532,3.3,45.4,15.1,1.0,453.6
EVT9_01648,20.9,7.5,40.8,0.9,6.6
EVT9_00584,4.4,28.4,16.7,1.9,57.0
EVT9_01340,10.8,72.4,,1.1,279.2
EVT9_01162,48.1,16.4,65.4,5.7,85.2
EVT9_00246,7.2,47.4,13.1,1.1,116.5
EVT9_01057,6.0,63.5,10.4,1.1,118.0
EVT9_00620,16.7,14.8,65.7,3.8,
EVT9_00717,18.9,26.2,43.2,8.7,213.1
EVT9_00505,10.2,15.2,0.2,2.1,495.3
EVT9_00188,18.0,36.3,21.9,7.5,199.5
EVT9_01093,30.4,28.6,51.0,46.6,66.3
EVT9_00577,37.0,3.4,70.1,15.7,206.4
EVT9_00927,10.5,41.2,16.9,10.0,77.0
EVT9_00450,23.8,13.9,43.9,8.7,11.1
EVT9_01371,9.6,38.5,39.1,4.8,191.4
EVT9_00759,22.1,16.7,26.5,5.9,35.1
EVT9_00596,33.2,16.7,92.5,4.8,456.4
EVT9_00383,20.4,1.1,37.8,28.8,94.1
EVT9_00510,26.1,38.8,49.0,9.1,72.2
EVT9_01999,28.7,33.8,31.7,8.7,63.5
EVT9_01168,26.2,20.3,74.9,3.8,194.5
EVT9_01599,31.6,23.6,6.3,17.1,296.7
EVT9_01719,10.5,46.7,32.8,1.1,218.0
EVT9_00412,28.8,27.6,25.4,12.1,377.7
EVT9_00966,19.5,7.5,84.1,1.9,67.4
EVT9_01040,23.1,15.3,48.0,18.1,157.3
EVT9_01507,30.8,12.8,67.3,14.9,85.7
EVT9_01797,17.4,17.2,53.1,7.2,98.4
EVT9_00122,33.5,11.5,57.8,15.7,7.5
EVT9_01995,19.7,26.5,30.5,30.9,441.8
EVT9_00732,1.1,18.0,97.5,4.1,17.8
EVT9_00655,30.0,29.8,66.0,2.0,26.1
EVT9_00467,21.5,4.1,,14.2,102.5
EVT9_00257,32.9,10.5,72.2,8.6,22.1
EVT9_00457,18.2,15.3,71.7,8.7,3.5
EVT9_00319,9.6,32.1,27.8,6.4,69.7
EVT9_01640,12.1,13.8,30.4,2.3,21.0
EVT9_01111,20.6,6.2,54.3,14.6,48.7
EVT9_00179,32.4,20.9,61.3,7.9,138.7
EVT9_01625,44.3,27.1,83.8,9.5,168.3
EVT9_01783,18.1,32.1,41.2,4.3,72.6
EVT9_00402,13.6,55.1,64.1,4.3,66.0
EVT9_01608,50.6,28.9,,19.2,234.1
EVT9_01431,16.3,27.6,40.2,9.0,112.6
EVT9_01731,46.2,13.8,74.6,6.5,104.3
EVT9_00980,55.3,22.8,82.7,5.4,289.9
EVT9_00118,28.4,29.4,22.7,12.6,42.7
EVT9_00498,54.7,21.9,59.5,6.3,153.7
EVT9_00371,49.0,11.4,61.3,9.9,112.0
EVT9_01941,22.1,0.0,55.8,5.6,437.6
EVT9_01197,6.6,29.7,4.9,4.6,253.4
EVT9_00889,30.9,1.2,54.6,15.7,14.4
EVT9_00892,42.0,19.4,42.9,2.1,115.5
EVT9_01602,20.8,14.2,17.4,4.4,2.5
EVT9_00021,0.0,,11.3,1260.1,88.2
EVT9_01774,33.6,56.1,29.4,3.5,270.0
EVT9_00629,9.0,59.9,6.6,1.9,91.0
EVT9_01876,3.2,11.8,70.9,5.7,39.8
EVT9_00555,14.3,27.9,25.2,10.3,180.2
EVT9_01251,28.1,39.4,25.5,9.6,431.0
EVT9_00137,22.8,33.4,36.6,4.3,14.0
EVT9_00685,37.9,22.0,66.0,10.1,3.2
EVT9_01412,19.6,0.0,40.0,17.2,57.6
EVT9_01326,12.1,9.0,43.8,5.1,104.1
EVT9_01959,14.5,19.8,45.4,3.4,198.6
EVT9_00862,15.0,41.4,29.3,3.4,84.0
EVT9_00508,24.4,6.0,58.8,2.0,11.2
EVT9_01436,11.7,46.9,12.7,11.8,139.7
EVT9_00605,3.8,23.7,34.2,9.1,182.3
EVT9_00920,0.9,31.3,18.6,2.1,48.9
EVT9_01822,12.0,53.4,31.6,5.2,41.9
EVT9_00769,19.7,39.1,27.2,6.9,60.4
EVT9_00265,78.8,21.0,45.2,1.8,278.0
EVT9_00105,29.2,2.9,84.3,3.0,41.4
EVT9_00244,9.0,40.8,12.1,1.0,196.6
EVT9_00634,4.0,54.7,23.7,1.0,110.6
EVT9_00044,27.2,-108.8,24.7,5.7,253.5
EVT9_01655,20.9,35.6,30.6,5.4,46.5
EVT9_01664,6.4,45.7,34.8,3.0,187.5
EVT9_00352,13.1,41.5,29.8,4.4,50.0
EVT9_01833,7.8,40.7,15.3,1.0,298.6
EVT9_00945,21.9,51.5,32.2,6.7,40.1
EVT9_00287,7.7,24.4,14.7,2.3,221.5
EVT9_01853,0.0,44.5,30.5,2.2,111.9
EVT9_00218,19.4,12.7,63.5,5.5,124.8
EVT9_00002,33.6,12.7,35.3,7.8,4.2
EVT9_01604,0.0,1.2,41.1,26.8,86.0
EVT9_01647,26.3,16.2,68.6,7.7,330.8
EVT9_01905,36.5,0.0,63.2,8.0,168.6
EVT9_00022,2.1,52.8,14.0,1.1,199.5
EVT9_00398,6.9,56.2,14.0,2.1,324.1
EVT9_01130,31.0,25.1,64.2,11.1,191.3
EVT9_01413,43.9,17.0,92.5,2.6,33.9
EVT9_00831,19.2,41.4,57.8,23.1,149.9
EVT9_00734,43.5,7.9,60.0,5.9,90.7
EVT9_00650,14.1,62.3,20.0,1.0,224.5
EVT9_00590,0.0,59.1,35.9,3.1,45.9
EVT9_01750,4.6,44.6,42.6,0.0,321.3
EVT9_01260,19.7,,29.2,11.2,162.9
EVT9_01652,3.5,42.1,42.4,1.0,195.3
EVT9_00411,9.5,53.2,22.0,1.8,142.1
EVT9_00020,6.1,44.4,17.8,1.0,58.6
EVT9_01045,31.4,29.5,45.1,1.1,35.8
EVT9_00384,29.2,28.1,27.5,30.7,56.2
EVT9_01674,54.5,12.7,71.4,8.0,179.9
EVT9_01295,51.4,10.0,52.6,2.8,399.6
EVT9_01901,29.1,6.9,29.5,8.0,12.8
EVT9_00546,2.8,36.1,11.8,1.9,112.9
EVT9_01403,9.8,13.6,46.5,9.8,411.3
EVT9_00078,18.6,48.8,,7.7,46.0
EVT9_00139,32.4,16.5,66.3,3.2,33.6
EVT9_00366,50.7,16.9,54.8,6.7,36.9
EVT9_00129,18.9,23.9,46.9,10.0,30.5
EVT9_01248,27.3,14.3,43.4,22.2,97.8
EVT9_00615,24.2,22.2,58.5,7.8,203.7
EVT9_01164,14.8,38.2,23.1,1.1,81.5
EVT9_01555,30.2,26.2,84.5,7.6,58.2
EVT9_00169,9.0,50.1,10.4,0.9,172.8
EVT9_01743,13.5,42.4,26.2,1.0,146.2
EVT9_00949,23.1,13.0,68.5,24.9,409.3
EVT9_01872,26.4,0.0,60.1,3.5,34.4
EVT9_01252,10.6,,6.4,1.9,330.9
EVT9_00194,3.1,93.0,3.5,0.0,218.9
EVT9_00786,28.0,2.7,43.6,28.1,290.4
EVT9_00880,5.7,36.5,13.7,0.0,306.5
EVT9_00275,11.8,42.7,14.4,4.9,191.3
EVT9_00160,11.2,46.0,66.2,25.1,38.1
EVT9_00960,39.3,14.9,3.0,6.7,110.6
EVT9_00423,12.7,34.1,14.7,6.5,62.3
EVT9_00376,33.3,20.6,47.9,9.0,13.7
EVT9_00270,40.2,5.0,65.8,6.9,37.1
EVT9_01494,18.3,34.8,38.5,16.8,255.4
EVT9_00586,1.7,48.2,25.5,0.9,114.9
EVT9_00487,10.6,43.4,28.7,5.6,124.3
EVT9_00671,20.7,26.8,56.1,10.8,144.1
EVT9_01116,6.9,50.0,6.3,0.9,102.5
EVT9_01321,33.2,15.3,65.1,7.9,109.0
EVT9_01952,30.8,9.9,36.4,2.2,5.9
EVT9_01088,39.7,15.3,51.3,6.5,135.8
EVT9_00142,37.8,15.0,41.3,5.1,115.0
EVT9_01596,18.0,41.3,36.0,2.1,73.4
EVT9_01284,27.8,38.5,61.3,34.0,116.2
EVT9_01273,8.1,62.4,12.7,6.7,374.6
EVT9_00302,3.9,65.5,15.9,1.0,222.2
EVT9_00434,59.1,16.8,83.9,6.5,79.3
EVT9_00045,40.4,17.4,49.5,3.1,180.7
EVT9_01036,9.4,16.5,11.2,36.6,43.7
EVT9_01518,16.4,8.9,42.0,7.1,8.7
EVT9_01612,7.7,12.6,55.7,3.6,27.0
EVT9_01802,20.8,47.7,29.8,2.0,32.6
EVT9_01234,11.0,52.3,36.1,4.7,210.1
EVT9_00070,38.7,21.8,52.4,4.3,180.2
EVT9_00484,4.2,31.9,4.3,1.1,325.0
EVT9_00387,10.8,32.7,26.3,5.2,42.4
EVT9_00293,7.0,25.0,22.7,3.1,61.6
EVT9_01944,1.0,10.3,50.6,15.2,74.3
EVT9_00819,5.1,43.6,0.0,2.3,44.7
EVT9_00575,20.5,880.4,30.1,3.0,97.2
EVT9_01526,37.4,16.9,63.3,3.5,463.1
EVT9_01883,3.1,37.3,45.2,7.1,65.7
EVT9_D0025,23.2,12.5,35.2,1.1,4.1
EVT9_00405,14.6,34.6,42.2,2.3,44.3
EVT9_00211,20.7,42.5,0.0,2.0,316.7
EVT9_01064,24.3,28.8,28.5,28.4,51.1
EVT9_00033,23.8,33.2,44.3,4.5,71.3
EVT9_00255,28.0,42.7,26.5,2.7,104.3
EVT9_01332,20.5,33.7,24.6,14.5,393.2
EVT9_01607,15.7,21.9,42.2,5.8,2.1
EVT9_01196,23.6,13.5,76.7,5.2,142.2
EVT9_00841,30.5,33.3,93.2,5.7,163.2
EVT9_00699,20.2,18.1,33.2,10.2,103.3
EVT9_00415,0.0,32.6,16.8,14.8,10048.3
EVT9_00210,36.9,19.7,64.2,11.3,256.8
EVT9_01524,25.3,24.0,38.4,27.0,43.2
EVT9_00716,22.7,33.8,27.6,6.6,160.5
EVT9_00065,22.7,26.7,45.6,12.1,12.8
EVT9_01282,14.3,47.5,35.6,11.1,191.9
EVT9_01266,2.6,55.6,14.8,1.7,310.1
EVT9_01473,39.4,25.6,85.5,21.5,231.1
EVT9_01368,9.3,31.2,28.9,8.6,60.3
EVT9_01392,15.9,75.2,32.8,3.1,191.4
EVT9_01067,4.2,32.8,19.5,0.0,365.6
EVT9_01879,31.2,24.0,64.5,6.3,200.4
EVT9_01835,47.9,6.9,59.1,9.1,473.0
EVT9_01087,18.2,45.7,44.7,5.3,92.4
EVT9_01619,34.9,38.8,71.9,5.6,41.0
EVT9_01780,29.9,10.2,44.2,6.0,52.1
EVT9_00448,26.2,17.8,84.3,14.2,361.8
EVT9_00926,25.8,33.7,29.5,5.0,243.1
EVT9_00502,31.7,6.8,80.5,3.6,31.7
EVT9_01030,43.6,37.4,64.3,6.2,51.2
EVT9_01097,20.4,36.4,53.3,16.9,36.7
EVT9_00863,18.3,48.0,26.0,4.1,217.2
EVT9_00789,11.9,43.4,40.2,7.7,404.1
EVT9_00694,34.3,9.5,62.3,2.7,40.2
EVT9_01335,23.7,31.0,54.7,9.0,4.9
EVT9_00729,3.3,68.0,4.9,1.1,60.0
EVT9_00983,9.8,12.2,74.3,21.2,139.9
EVT9_00693,19.4,7.3,28.9,7.8,2.0
EVT9_D0028,25.8,64.9,40.7,6.4,40.5
EVT9_01142,43.2,13.5,49.4,9.3,
EVT9_00788,40.3,16.1,73.5,2.8,209.8
EVT9_01921,36.1,18.0,69.6,6.8,103.1
EVT9_01065,31.8,,80.8,1.8,66.0
EVT9_00147,6.6,52.0,33.8,27.4,83.6
EVT9_00183,10.1,19.3,43.4,13.3,96.6
EVT9_D0003,17.4,21.9,58.6,4.8,60.1
EVT9_01764,3.4,32.7,16.2,1.7,178.5
EVT9_00762,34.8,,69.0,3.7,270.7
EVT9_00579,9.7,22.1,46.4,3.3,36.6
EVT9_00159,3.8,21.9,39.3,6.4,472.1
EVT9_00223,17.0,52.1,0.0,4.4,48.8
EVT9_01024,12.5,16.4,68.9,3.0,116.0
EVT9_00267,43.9,10.2,55.2,6.8,96.6
EVT9_01274,33.3,26.1,51.5,0.9,170.9
EVT9_01707,29.5,21.2,60.5,6.6,36.0
EVT9_00116,17.8,16.4,44.2,5.4,31.6
EVT9_00541,23.7,22.3,82.5,6.7,310.7
EVT9_01908,15.8,42.0,33.9,4.4,146.7
EVT9_00888,8.6,32.7,16.9,1.1,59.1
EVT9_00153,16.3,21.9,37.6,25.1,39.0
EVT9_00898,3.3,39.8,21.8,2.2,174.1
EVT9_01779,17.5,19.5,38.1,33.1,192.9
EVT9_00216,1605.3,53.8,,3.3,159.5
EVT9_00989,8.7,19.0,62.0,4.0,16.4
EVT9_01800,17.3,44.6,29.5,1.8,323.9
EVT9_00369,2.0,25.7,31.8,15.5,203.3
EVT9_01126,20.1,14.2,91.8,26.7,6.0
EVT9_00809,2.9,60.4,9.1,3.4,386.0
EVT9_01967,8.9,65.2,37.2,0.9,51.8
EVT9_00102,17.9,19.5,41.6,1.8,7.0
EVT9_01279,7.5,43.3,33.8,3.7,37.5
EVT9_00356,18.6,22.0,68.9,20.7,151.1
EVT9_01439,42.3,0.0,28.1,4.5,10.6
EVT9_01114,35.0,17.8,,13.9,95.2
EVT9_00329,33.9,13.7,34.5,3.4,14.4
EVT9_00853,0.0,61.4,13.9,0.9,216.7
EVT9_01698,16.4,50.9,22.1,1.1,422.2
EVT9_01430,46.7,6.5,39.0,5.8,116.7
EVT9_00913,12.2,14.7,34.0,6.6,
EVT9_01549,5.3,44.3,28.0,2.0,338.7
EVT9_00670,22.9,59.7,43.6,2.2,51.1
EVT9_01035,22.1,66.6,36.1,4.5,212.1
EVT9_01984,16.3,51.9,4.3,1.7,44.7
EVT9_00900,16.4,50.9,18.0,4.4,282.5
EVT9_01947,46.5,23.9,59.8,10.2,158.9
EVT9_01718,17.2,35.4,19.3,4.2,43.9
EVT9_00272,9.7,45.8,45.1,36.8,167.1
EVT9_01884,43.3,12.4,75.6,4.0,60.1
EVT9_01152,3.5,37.5,13.2,1.0,165.6
EVT9_00641,19.5,5.6,53.4,9.1,7.7
EVT9_01235,15.3,56.5,18.3,2.2,112.3
EVT9_00712,2.9,67.8,5.4,0.0,84.2
EVT9_01875,6.7,49.0,8.0,0.0,128.1
EVT9_00288,18.6,7.9,56.8,9.0,45.3
EVT9_01741,5.0,22.7,27.2,28.9,129.7
EVT9_00939,25.6,13.6,51.2,13.2,49.5
EVT9_01459,26.7,38.7,34.1,3.0,44.2
EVT9_00468,58.1,32.0,41.0,6.3,72.1
EVT9_01706,15.9,18.7,44.6,4.9,3.2
EVT9_00463,33.6,46.9,33.0,11.4,37.4
EVT9_00529,12.5,35.2,24.9,2.0,94.8
EVT9_D0004,15.0,53.4,28.8,5.1,54.1
EVT9_00877,23.6,29.8,50.6,4.3,57.8
EVT9_00084,9.1,40.1,,14.0,40.7
EVT9_01980,35.6,38.6,29.2,1.1,169.8
EVT9_01316,5.6,35.0,14.2,-55.7,78.0
EVT9_00013,36.6,36.8,74.7,24.2,54.4
EVT9_01485,16.5,78.6,4.8,2.2,49.0
EVT9_00953,51.3,21.0,75.9,2.3,75.0
EVT9_01870,19.6,45.7,38.8,10.1,57.2
EVT9_01927,41.1,13.8,64.9,0.0,171.7
EVT9_01180,21.6,45.2,33.2,1.8,80.9
EVT9_01634,2.2,48.0,17.8,3.1,150.8
EVT9_01264,25.2,8.3,39.2,7.2,8.5
EVT9_00225,3.4,,29.9,1.0,72.8
EVT9_01890,11.3,20.7,26.7,18.0,419.3
EVT9_00035,33.5,7.2,,8.1,64.0
EVT9_00928,26.2,55.6,22.6,1.9,87.5
EVT9_00222,3.0,21.9,42.3,2.9,2.9
EVT9_00176,27.0,38.0,,4.1,143.8
EVT9_01534,23.3,10.5,48.0,26.4,81.3
EVT9_00245,15.8,4.6,66.8,2.6,124.5
EVT9_00613,31.1,45.4,52.4,32.3,67.1
EVT9_01915,0.0,45.6,24.9,7.9,131.3
EVT9_00692,15.7,50.3,65.6,9.6,133.8
EVT9_00736,34.5,30.1,61.8,5.6,51.8
EVT9_01836,12.1,44.5,42.3,20.5,166.1
EVT9_01106,36.3,16.0,56.1,4.8,7.9
EVT9_01069,15.6,78.0,9.5,2.0,290.3
EVT9_01545,49.3,29.5,69.3,4.5,164.9
EVT9_00709,13.5,2.7,22.3,10.2,2.9
EVT9_00764,5.6,38.6,2.3,1.1,88.7
EVT9_00391,17.2,26.9,33.0,0.9,40.5
EVT9_01866,16.8,31.5,52.6,6.3,59.5
EVT9_01225,22.9,54.2,40.9,5.8,41.7
EVT9_01600,15.4,55.7,28.6,5.0,129.0
EVT9_01453,20.1,42.4,27.5,2.6,50.9
EVT9_01859,18.3,17.1,32.3,14.5,47.3
EVT9_00200,29.8,52.4,38.5,1.1,193.3
EVT9_00156,17.0,11.1,69.5,3.9,
EVT9_01396,3.0,49.4,0.0,0.9,351.9
EVT9_01254,16.0,25.1,28.1,13.5,70.4
EVT9_00481,1.1,33.6,7.4,0.0,80.2
EVT9_01205,21.1,20.5,49.6,8.6,115.1
EVT9_01536,19.8,49.0,30.8,2.8,154.9
EVT9_00399,61.8,16.0,62.4,1.8,57.9
EVT9_01182,15.4,55.5,39.2,16.7,42.7
EVT9_00903,29.5,43.7,39.6,2.3,91.4
EVT9_00813,5.3,53.4,9.4,2.0,134.7
EVT9_01643,27.9,7.8,55.2,3.0,13.6
EVT9_00229,14.6,,42.9,4.1,298.3
EVT9_00431,31.6,16.1,41.6,14.4,202.3
EVT9_01435,16.6,45.3,29.4,9.8,92.0
EVT9_00207,38.0,14.2,49.2,3.0,64.9
EVT9_01627,23.2,10.9,56.7,6.2,62.6
EVT9_01687,11.6,49.9,31.8,2.7,202.7
EVT9_01169,13.1,61.7,,2.0,324.9
EVT9_01497,64.2,16.8,81.2,5.7,154.2
EVT9_00228,12.5,29.6,25.0,4.7,52.2
EVT9_01471,21.6,42.4,40.4,7.8,66.2
EVT9_D0009,25.1,14.4,,13.0,60.7
EVT9_00397,4.6,52.2,11.9,0.9,363.1
EVT9_01975,24.3,19.7,77.3,4.3,108.0
EVT9_01728,36.3,33.7,41.0,6.2,
EVT9_01509,14.9,44.6,38.0,5.3,65.2
EVT9_00191,1.0,62.0,10.6,0.0,303.5
EVT9_01214,12.1,18.4,41.3,19.2,68.3
EVT9_01050,26.0,17.3,35.0,2.0,7.5
EVT9_01990,38.8,12.0,59.9,8.5,222.0
EVT9_01771,9.8,37.7,44.6,0.9,82.5
EVT9_01554,25.3,28.7,39.8,10.7,34.4
EVT9_01017,49.4,10.2,76.2,2.0,14.8
EVT9_01900,23.4,36.2,26.3,7.1,58.3
EVT9_01243,34.6,6.9,62.5,3.3,159.3
EVT9_00676,9.1,49.4,36.8,0.9,127.1
EVT9_01508,24.3,32.9,42.9,1.1,470.9
EVT9_01913,31.4,34.8,38.0,13.8,188.0
EVT9_00691,28.6,29.3,17.9,33.6,138.6
EVT9_01679,31.1,17.9,40.5,3.2,107.2
EVT9_00626,21.6,32.1,12.8,7.8,
EVT9_01496,23.7,59.8,41.9,4.5,34.4
EVT9_01591,5.5,61.9,14.9,0.0,88.6
EVT9_01654,30.5,34.4,39.7,19.1,41.3
EVT9_01904,44.5,6.5,105.6,6.3,198.3
EVT9_00073,29.7,20.2,88.0,8.6,37.4
EVT9_00401,17.7,41.4,27.9,6.7,116.2
EVT9_01331,5.3,40.3,13.3,1.0,129.2
EVT9_01788,32.2,3.3,60.5,29.8,32.5
EVT9_01369,8.7,29.0,2.3,3.0,391.0
EVT9_01491,23.1,42.5,36.9,16.2,110.2
EVT9_01224,32.1,39.8,33.9,38.1,196.5
EVT9_00523,12.2,13.5,0.0,0.0,101.7
EVT9_00168,1.0,44.8,5.2,1.1,73.8
EVT9_00439,0.0,22.5,46.4,2.8,90.6
EVT9_01685,34.0,30.1,1893.9,2.9,98.2
EVT9_01236,28.5,11.5,21.7,2.2,36.7
EVT9_01385,2.6,17.9,15.4,2.2,107.7
EVT9_00096,16.1,50.0,9.7,0.0,132.8
EVT9_01156,21.8,52.1,29.7,4.4,63.7
EVT9_01583,7.4,16.7,49.2,2.6,46.4
EVT9_01772,21.0,30.6,29.3,35.5,98.5
EVT9_01193,24.1,26.0,34.1,7.6,91.3
EVT9_01969,14.5,48.5,53.0,1.8,116.6
EVT9_01294,3.8,43.7,35.1,0.9,143.9
EVT9_01535,5.1,34.5,17.5,1.0,203.7
EVT9_00530,2.9,48.2,19.5,1.9,236.4
EVT9_01477,7.8,51.9,18.4,3.8,80.4
EVT9_01924,33.6,23.7,94.9,16.9,179.0
EVT9_00121,40.1,18.2,51.9,14.1,78.0
EVT9_00380,0.0,45.6,26.6,15.3,147.5
EVT9_01885,27.1,12.2,65.4,6.9,72.4
EVT9_01012,22.3,25.0,32.6,24.8,40.6
EVT9_01756,23.8,46.1,44.2,41.9,48.5
EVT9_01720,38.8,22.3,40.5,4.5,44.7
EVT9_01342,20.4,34.1,20.0,6.5,267.2
EVT9_00990,24.1,42.2,45.0,7.6,297.2
EVT9_00835,11.3,39.8,31.6,0.0,247.0
EVT9_00271,35.9,19.2,73.6,2.7,430.5
EVT9_00896,19.5,30.1,52.5,9.8,227.6
EVT9_01982,32.6,42.0,59.5,1.9,55.2
EVT9_01976,26.3,14.3,37.0,16.4,162.8
EVT9_00672,12.0,38.2,39.7,35.1,59.4
EVT9_01586,37.9,15.7,29.8,15.6,100.0
EVT9_00066,22.9,3.0,,4.4,2.3
EVT9_00392,30.4,27.6,52.6,5.5,110.9
EVT9_00453,14.8,36.2,18.6,0.0,243.1
EVT9_01964,14.2,35.4,9.7,0.9,118.8
EVT9_01038,5.3,43.8,11.9,0.0,40.7
EVT9_00941,11.6,29.1,17.0,6.0,265.4
EVT9_00738,15.2,35.0,33.9,3.1,428.6
EVT9_00971,24.0,33.3,30.9,16.6,51.4
EVT9_D0011,3.6,56.2,14.4,1.1,213.2
EVT9_01170,5.7,52.7,13.3,0.9,239.7
EVT9_01760,11.2,30.8,34.6,6.3,279.2
EVT9_00470,51.6,,88.6,1.7,364.7
EVT9_01855,24.2,26.1,35.0,3.8,423.8
EVT9_00982,4.5,65.9,5.0,1.9,287.1
EVT9_00501,3.6,67.2,18.8,0.0,399.5
EVT9_00360,27.6,15.2,65.9,7.8,27.9
EVT9_01037,0.0,18.4,68.3,3.3,
EVT9_00290,13.1,29.1,37.5,0.9,91.3
EVT9_01475,3.6,13.5,20.8,21.1,57.3
EVT9_00632,13.1,54.9,40.4,12.0,242.6
EVT9_01410,8.9,42.5,35.6,6.1,142.7
EVT9_01304,7.9,31.9,12.3,1.1,71.7
EVT9_01049,28.3,44.2,63.0,9.4,59.9
EVT9_00028,33.6,17.0,53.3,6.7,77.1
EVT9_00719,3.0,34.1,21.9,4.4,219.8
EVT9_00777,4.2,20.5,3.4,0.9,58.5
EVT9_01773,17.2,23.2,37.8,7.1,7.6
EVT9_00559,28.3,1.3,63.6,9.7,159.0
EVT9_00750,17.7,37.3,70.9,26.0,77.0
EVT9_00864,9.6,17.1,9.5,4.7,35.5
EVT9_00317,34.5,36.7,29.4,16.8,48.7
EVT9_D0001,13.5,39.9,20.0,1.1,53.6
EVT9_01466,23.4,24.9,54.6,7.9,245.9
EVT9_01113,19.6,42.5,33.4,4.1,83.5
EVT9_00594,17.5,50.9,9.9,1.0,119.4
EVT9_01077,26.9,38.2,61.8,22.4,459.4
EVT9_00981,25.3,21.4,52.4,16.7,113.3
EVT9_01548,8.2,42.5,7.8,0.9,113.0
EVT9_01487,37.5,23.6,49.6,25.5,91.1
EVT9_01974,19.9,12.6,57.6,0.0,84.6
EVT9_00702,6.2,71.8,25.2,7.7,38.9
EVT9_00250,17.3,34.5,18.0,9.7,435.4
EVT9_00908,14.8,52.3,22.4,21.0,111.2
EVT9_01717,2.1,37.1,31.7,5.9,195.9
EVT9_00812,3.4,43.0,4.2,0.0,77.8
EVT9_00354,3.7,44.6,19.5,1.9,190.4
EVT9_01823,25.5,6.7,62.3,4.3,10.3
EVT9_00243,31.3,12.9,68.9,8.7,107.1
EVT9_01542,2.0,24.3,7.9,8.8,93.7
EVT9_00753,42.4,27.7,60.5,4.9,52.3
EVT9_00749,15.0,23.6,78.9,7.2,
EVT9_01926,36.4,23.9,,1.8,69.1
EVT9_01222,30.3,6.6,72.8,9.5,190.4
EVT9_01557,29.5,35.0,38.4,14.9,377.2
EVT9_01570,10.2,45.8,32.9,4.6,77.6
EVT9_01730,22.2,51.6,30.1,4.4,275.3
EVT9_00614,14.6,13.0,75.1,1.0,61.1
EVT9_01297,9.5,41.5,27.1,0.0,237.3
EVT9_D0014,16.4,24.3,83.6,10.2,242.1
EVT9_01922,4.7,57.5,21.8,1.9,345.5
EVT9_01128,0.0,12.7,26.7,25.2,359.8
EVT9_00881,23.5,28.9,52.1,22.4,125.4
EVT9_01341,44.2,13.2,73.1,7.9,483.5
EVT9_01378,14.8,14.8,30.3,19.6,46.2
EVT9_01794,10.9,0.0,16.2,17.5,71.5
EVT9_01402,27.0,21.8,65.4,6.8,59.6
EVT9_01801,2.6,60.1,20.7,1.8,139.9
EVT9_00817,19.2,21.0,67.4,6.2,54.6
EVT9_01954,15.4,11.6,72.1,5.1,231.6
EVT9_01215,18.3,47.2,34.0,2.2,407.5
EVT9_00925,18.6,43.5,33.2,1.0,41.3
EVT9_00811,3.6,25.4,25.8,9.2,211.0
EVT9_00109,38.3,20.1,58.0,6.3,263.3
EVT9_01861,26.8,6.8,65.5,2.6,114.7
EVT9_01207,18.8,37.7,28.2,41.3,74.3
EVT9_01125,27.6,11.3,74.8,3.9,419.9
EVT9_01158,5.7,46.4,2.0,0.9,296.5
EVT9_01928,35.5,17.8,24.1,9.2,226.5
EVT9_01786,15.5,31.8,31.5,4.7,64.5
EVT9_01781,17.5,56.8,15.5,5.3,57.5
EVT9_00008,18.5,27.6,41.9,28.9,216.4
EVT9_00359,5.4,44.5,10.4,1.0,57.9
EVT9_00342,46.2,4.1,84.6,3.3,18.0
EVT9_01313,3.6,55.9,2.3,1.0,53.3
EVT9_01504,29.0,12.1,77.8,16.1,228.7
EVT9_01302,35.6,36.9,55.6,4.7,10503.5
EVT9_01095,4.5,20.5,18.3,0.0,242.9
EVT9_00747,12.3,80.3,18.4,0.0,42.2
EVT9_00899,10.5,3.5,70.6,1.8,61.8
EVT9_00285,0.0,2.6,58.2,3.7,5.2
EVT9_01483,22.4,34.2,39.1,14.1,161.8
EVT9_01666,28.6,21.0,45.2,1743.2,61.0
EVT9_01344,24.7,10.9,14.9,4.6,78.2
EVT9_01978,3.9,39.4,17.0,0.9,65.5
EVT9_01499,3.4,51.3,14.3,1.1,54.3
EVT9_00532,26.6,50.3,22.9,6.6,164.1
EVT9_00790,19.7,5.4,24.0,3.5,13.4
EVT9_01306,3.7,35.4,0.0,0.0,221.0
EVT9_00345,15.3,39.3,25.0,1.0,146.8
EVT9_00618,11.6,31.2,28.8,17.1,46.8
EVT9_00807,20.3,31.0,39.5,22.5,191.2
EVT9_01042,4.1,27.5,16.0,2.8,385.3
EVT9_00619,26.6,24.3,54.8,37.5,151.6
EVT9_00859,9.3,57.5,18.7,5.9,246.0
EVT9_01663,22.7,27.8,51.5,14.9,223.3
EVT9_01838,21.7,2.1,95.2,2.6,46.7
EVT9_00215,1.9,79.2,10.7,1.0,52.7
EVT9_00005,20.5,25.1,20.6,9.9,15.2
EVT9_01089,20.0,11.2,49.4,2.0,9.2
EVT9_01790,25.8,47.2,42.2,0.9,113.6
EVT9_01533,12.4,22.8,45.4,32.1,
EVT9_00526,3.1,10.0,20.9,8.9,472.8
EVT9_00821,15.0,36.5,26.0,5.7,37.1
EVT9_00668,15.4,43.1,40.2,7.6,386.5
EVT9_01140,17.9,16.9,81.5,3.3,159.9
EVT9_00548,23.9,38.6,23.3,17.3,54.6
EVT9_01949,5.0,62.1,8.0,1.1,41.9
EVT9_01043,0.0,39.4,35.4,1.9,119.1
EVT9_01611,19.0,5.8,26.3,1.0,40.1
EVT9_01721,38.3,2.4,78.7,8.5,33.5
EVT9_00447,19.1,62.0,64.7,0.0,327.3
EVT9_01423,19.5,10.9,30.3,28.1,68.3
EVT9_01061,4.7,46.9,0.0,0.0,262.9
EVT9_01576,4.4,55.5,8.9,0.9,159.7
EVT9_01722,16.7,25.9,65.3,4.4,42.8
EVT9_01075,12.7,36.3,17.1,1.0,43.5
EVT9_00829,5.4,31.0,18.3,9.5,44.8
EVT9_00640,20.6,8.2,49.3,14.1,65.3
EVT9_01311,24.8,34.4,23.6,2.7,43.5
EVT9_00924,34.1,20.4,85.8,6.9,209.0
EVT9_01305,27.7,45.0,26.1,7.8,64.6
EVT9_01041,49.7,28.6,61.0,7.6,45.5
EVT9_01484,11.0,31.1,27.0,20.4,265.5
EVT9_01812,10.3,44.7,27.5,4.9,39.1
EVT9_01151,0.9,34.1,47.4,18.1,444.7
EVT9_00571,27.8,1.6,56.0,6.6,355.0
EVT9_00865,32.8,25.3,29.3,19.5,158.5
EVT9_01183,11.8,59.8,29.4,9.5,537.8
EVT9_00499,11.3,20.6,30.6,10.2,215.1
EVT9_00414,9.7,59.5,7.0,2.2,387.1
EVT9_01141,7.2,57.7,26.9,0.0,419.6
EVT9_00735,8.8,33.7,8.5,1.8,55.9
EVT9_01840,32.1,25.1,79.1,1.8,49.3
EVT9_01281,20.7,65.6,44.1,3.4,66.2
EVT9_00386,15.5,3.8,61.2,3.3,57.8
EVT9_01846,11.7,37.8,36.1,6.4,342.9
EVT9_00911,16.2,26.0,37.5,32.8,70.5
EVT9_01073,2.2,26.8,16.2,2.0,153.2
EVT9_01132,27.3,25.0,62.6,6.9,20.4
EVT9_01637,25.2,7.1,51.4,5.7,69.8
EVT9_01060,21.1,37.2,39.9,2.7,181.6
EVT9_00041,46.8,17.4,45.9,1.1,106.5
EVT9_00940,13.5,41.0,20.4,4.5,42.0
EVT9_01578,6.6,47.9,22.0,0.9,65.2
EVT9_00993,20.6,8.8,30.1,5.3,124.3
EVT9_01973,33.7,12.9,35.2,3.9,59.5
EVT9_00350,23.7,20.2,48.4,7.9,355.2
EVT9_00280,19.7,35.6,43.2,1.8,122.8
EVT9_00772,26.9,28.2,63.2,6.0,
EVT9_00677,9.0,23.6,21.0,21.4,114.6
EVT9_01187,29.4,27.5,41.3,9.0,19.3
EVT9_00171,26.9,21.4,67.2,5.4,124.2
EVT9_01154,4.8,21.1,12.3,1.0,231.3
EVT9_00956,60.8,10.9,48.4,1.0,158.2
EVT9_00328,16.8,65.9,,0.9,197.6
EVT9_00316,21.8,12.1,45.3,11.4,14.2
EVT9_01379,32.7,4.4,78.3,15.7,42.3
EVT9_01307,5.7,56.0,12.4,0.9,195.8
EVT9_01893,49.8,9.8,18.8,1.8,484.2
EVT9_01361,31.4,17.5,63.3,18.4,133.7
EVT9_00461,15.2,44.7,43.8,25.8,226.2
EVT9_01782,46.8,5.1,,3.6,118.6
EVT9_01531,45.6,13.1,70.2,5.8,38.0
EVT9_00323,32.3,7.2,51.1,3.9,10.4
EVT9_D0012,26.8,65.2,25.6,5.1,160.7
EVT9_00014,26.1,30.8,42.6,31.4,380.7
EVT9_00703,31.3,13.1,67.8,2.8,5.7
EVT9_00826,17.9,14.3,70.6,22.6,92.8
EVT9_01429,2.8,23.2,31.2,26.9,309.5
EVT9_00976,32.2,22.7,59.5,6.5,40.4
EVT9_00294,5.2,31.0,0.0,1.7,189.8
EVT9_01886,23.5,36.6,25.1,33.2,108.8
EVT9_00787,24.8,20.8,51.5,1.0,149.1
EVT9_00816,11.1,28.6,56.4,17.7,405.6
EVT9_01605,15.2,0.0,49.7,22.5,440.3
EVT9_00922,41.7,41.4,35.4,10.4,233.9
EVT9_00012,19.4,19.0,62.4,1.7,32.6
EVT9_01202,14.4,42.3,35.3,1.1,40.8
EVT9_01985,11.5,48.7,25.7,11.4,139.1
EVT9_01221,36.8,16.4,52.3,7.9,70.4
EVT9_01709,27.2,20.4,25.0,1.0,8.9
EVT9_00318,7.2,15.2,37.4,19.8,50.3
EVT9_01626,38.6,10.3,70.8,1.0,197.3
EVT9_00090,25.6,34.1,-104.3,31.6,108.6
EVT9_01529,3.2,39.5,14.4,1.0,175.1
EVT9_00581,26.1,6.6,28.7,3.4,46.5
EVT9_00935,14.8,51.7,34.2,6.0,142.7
EVT9_01387,16.2,58.5,11.1,6.1,80.0
EVT9_01907,27.8,20.1,66.1,4.1,7.7
EVT9_00249,2.9,,1.8,1.9,230.9
EVT9_00519,33.5,17.0,75.1,8.9,97.0
EVT9_01330,22.5,36.6,32.1,3.9,515.9
EVT9_00601,46.1,19.1,60.3,4.5,289.7
EVT9_01465,31.0,16.0,55.1,0.9,26.5
EVT9_01096,3.0,17.5,86.5,5.4,74.3
EVT9_01456,38.6,30.3,66.5,4.6,53.9
EVT9_00740,9.0,43.5,46.7,3.2,81.6
EVT9_01160,3.1,49.7,3.5,1.8,475.5
EVT9_00837,11.0,39.1,38.9,25.6,331.4
EVT9_01268,16.5,24.3,34.1,47.5,37.1
EVT9_01588,33.4,22.3,56.5,11.3,96.5
EVT9_01871,41.1,20.5,69.7,11.3,112.9
EVT9_00430,12.4,32.0,38.0,28.3,172.8
EVT9_00918,29.6,18.7,50.0,3.8,175.4
EVT9_00358,47.7,4.1,83.2,4.5,269.4
EVT9_00552,38.3,10.8,86.1,11.0,265.5
EVT9_01810,5.3,67.3,24.3,1.0,397.6
EVT9_01710,31.4,23.4,46.8,13.4,29.0
EVT9_01622,25.6,15.8,39.4,10.2,41.0
EVT9_01119,45.4,26.7,76.7,3.9,-619.0
EVT9_01581,2.0,16.6,26.1,1.0,258.0
EVT9_01261,18.2,60.7,45.0,3.4,257.3
EVT9_00312,40.7,4.8,77.1,18.6,358.7
EVT9_00330,5.6,23.9,34.1,6.8,62.4
EVT9_00251,42.4,22.1,59.6,2.8,103.8
EVT9_00400,51.3,8.7,57.7,5.9,263.6
EVT9_01857,40.1,24.8,65.8,7.4,86.7
EVT9_00852,3.3,52.3,2.5,0.0,81.4
EVT9_01734,27.5,21.4,26.4,2.6,266.0
EVT9_01419,38.3,38.3,18.0,8.3,64.1
EVT9_00929,16.7,60.6,28.6,2.8,36.6
EVT9_01138,37.2,23.7,77.0,4.3,59.6
EVT9_00006,58.6,43.6,74.2,5.5,44.5
EVT9_00132,16.5,21.8,61.8,6.5,5.1
EVT9_00992,29.5,18.8,62.0,3.3,453.0
EVT9_00793,20.9,20.6,36.8,6.0,70.8
EVT9_00673,2.2,0.0,33.8,3.9,7.3
EVT9_00651,8.5,30.9,39.2,11.4,101.4
EVT9_01701,28.5,0.7,54.0,1.8,12.6
EVT9_01561,19.4,32.3,49.2,10.1,562.9
EVT9_01574,6.1,29.9,5.2,1.9,58.8
EVT9_01646,51.8,7.8,67.9,7.2,292.5
EVT9_00665,47.7,29.1,57.2,2.9,275.9
EVT9_01672,29.6,22.4,25.5,34.8,45.1
EVT9_00978,23.6,26.3,20.3,6.2,10.3
EVT9_00489,29.6,32.2,33.0,6.8,102.2
EVT9_01563,5.5,63.8,27.2,6.8,191.4
EVT9_01318,8.9,26.9,51.2,11.2,75.4
EVT9_01288,10.7,58.3,38.3,5.5,199.4
EVT9_01129,20.8,65.2,24.7,2.0,107.2
EVT9_00520,2.0,18.1,72.5,14.5,9.5
EVT9_01751,30.2,35.6,26.4,3.4,93.3
EVT9_01303,43.9,13.9,25.2,7.8,
EVT9_00421,39.3,8.8,63.3,9.4,185.8
EVT9_01736,26.6,25.8,24.6,3.2,103.4
EVT9_01209,3.1,39.4,25.9,1.0,183.0
EVT9_01748,8.5,45.7,21.7,1.9,453.5
EVT9_01010,51.4,14.9,64.4,1.8,344.7
EVT9_00343,14.5,62.9,63.3,9.8,450.2
EVT9_00854,6.8,28.3,42.4,23.1,312.3
EVT9_01768,25.9,22.5,67.1,4.5,5.6
EVT9_00284,32.2,20.0,48.4,8.9,63.6
EVT9_00382,6.1,42.2,21.3,0.0,157.6
EVT9_00485,18.4,47.8,9.3,3.2,
EVT9_01587,26.0,51.8,36.5,1.0,45.5
EVT9_00236,32.9,16.3,59.5,1.9,98.7
EVT9_00998,18.3,28.7,61.9,1.1,225.8
EVT9_00258,0.0,19.7,46.7,24.4,362.6
EVT9_00309,10.0,48.3,16.3,3.2,33.3
EVT9_00708,32.5,14.5,58.7,21.6,187.2
EVT9_00952,34.6,6.7,57.4,7.1,122.2
EVT9_00687,26.3,20.3,33.6,22.7,341.7
EVT9_01044,22.4,16.3,13.4,32.1,45.0
EVT9_00375,32.7,11.4,51.4,10.1,118.7
EVT9_00730,24.5,16.3,42.0,7.8,37.6
EVT9_01766,22.6,25.3,10.1,22.3,198.8
EVT9_00110,23.8,30.7,17.3,16.1,72.2
EVT9_00705,31.6,30.2,44.4,10.9,458.3
EVT9_01262,30.2,30.4,32.5,17.7,110.9
EVT9_01550,37.3,12.7,82.3,2.6,131.4
EVT9_01000,23.3,9.3,46.4,1.1,68.7
EVT9_00801,14.3,61.0,31.7,5.7,253.0
EVT9_01676,13.4,64.5,40.4,4.0,140.3
EVT9_00568,11.8,21.7,32.2,16.9,40.1
EVT9_01747,28.8,5.4,93.9,2.1,
EVT9_00951,15.9,35.6,59.7,9.1,141.4
EVT9_01830,20.2,51.0,5.3,13.1,149.3
EVT9_01553,3.7,73.4,16.2,1.0,132.7
EVT9_00346,5.2,27.9,9.9,0.0,150.4
EVT9_00331,14.6,35.5,41.4,2.1,115.5
EVT9_01953,24.0,17.6,52.9,27.2,44.1
EVT9_01211,28.7,25.6,87.2,3.6,17.0
EVT9_01393,22.4,15.8,60.3,3.3,4.5
EVT9_D0027,5.2,72.9,0.0,1.9,501.6
EVT9_00861,22.3,18.2,70.9,17.8,47.9
EVT9_00017,34.8,25.6,,3.0,135.2
EVT9_00637,14.7,36.5,30.1,6.4,120.5
EVT9_00921,24.2,38.3,21.7,13.4,212.4
EVT9_01630,0.0,31.6,27.1,29.5,81.1
EVT9_00562,42.3,0.0,80.7,4.9,166.3
EVT9_01960,45.8,2.2,85.4,2.0,424.0
EVT9_00858,0.9,52.8,14.6,1.0,233.3
EVT9_00488,38.7,,62.9,6.4,149.4
EVT9_00208,35.9,,49.0,13.2,37.3
EVT9_01339,0.0,34.0,50.8,5.4,45.8
EVT9_01892,33.2,25.7,43.9,20.7,36.1
EVT9_00379,18.1,26.4,29.4,2.7,301.8
EVT9_00456,54.2,34.4,54.3,9.1,247.6
EVT9_01644,4.4,59.8,11.3,1.1,84.7
EVT9_01046,3.9,11.8,12.9,14.3,40.0
EVT9_00475,2.1,38.1,0.3,1.1,113.3
EVT9_01979,30.1,14.3,103.1,6.6,57.7
EVT9_00264,10.3,53.4,2.7,0.0,119.0
EVT9_00053,3.4,40.7,37.1,23.8,49.2
EVT9_01868,21.3,23.6,17.9,16.1,148.6
EVT9_00135,1.8,24.4,25.5,0.9,174.1
EVT9_00252,20.1,6.3,72.5,11.3,
EVT9_00108,36.9,25.4,39.8,2.8,201.1
EVT9_01889,19.0,11.8,35.0,20.3,115.4
EVT9_01906,22.5,27.1,50.7,8.8,95.0
EVT9_01336,7.8,38.7,12.4,0.0,
EVT9_00545,38.0,3.1,65.5,8.2,457.2
EVT9_01887,48.2,16.4,83.3,5.3,201.4
EVT9_00104,24.8,17.4,58.4,2.2,16.8
EVT9_00558,19.5,31.3,24.0,2.9,389.7
EVT9_01328,8.7,37.2,66.8,7.3,120.3
EVT9_01635,22.6,19.7,51.4,1.7,12.8
EVT9_01474,7.4,47.2,5.1,0.9,466.7
EVT9_00616,22.8,58.2,20.0,2.2,383.1
EVT9_01584,41.8,9.6,83.5,6.5,153.4
EVT9_01856,7.1,43.8,13.7,6.7,147.3
EVT9_01809,33.3,41.4,46.2,3.9,520.4
EVT9_01022,22.5,12.4,25.9,13.1,93.1
EVT9_01568,37.4,10.3,36.7,19.6,288.7
EVT9_01468,44.2,16.2,44.8,14.8,401.8
EVT9_00679,5.4,58.1,0.0,0.0,46.1
EVT9_00150,26.7,,79.1,14.8,47.4
EVT9_00098,3.0,51.2,10.5,2.2,68.6
EVT9_00604,21.2,13.8,31.7,2.8,14.2
EVT9_01673,39.2,9.9,46.8,6.4,114.5
EVT9_00556,33.2,35.4,54.4,9.0,53.1
EVT9_01372,45.4,17.0,41.8,8.9,156.3
EVT9_00602,24.2,0.0,44.7,5.5,106.7
EVT9_00756,6.1,39.4,45.0,5.2,94.2
EVT9_01538,41.6,0.0,59.0,2.9,62.2
EVT9_00962,27.8,22.6,54.7,20.4,134.0
EVT9_01346,33.0,15.5,93.5,4.1,35.8
EVT9_00455,27.5,44.6,36.6,28.5,188.8
EVT9_00394,35.5,20.7,28.2,9.1,2.7
EVT9_00681,20.2,36.1,32.0,3.3,108.2
EVT9_01219,22.5,13.0,36.2,8.2,3.1
EVT9_01085,23.3,34.9,51.7,25.9,76.7
EVT9_01829,12.8,20.7,48.8,6.9,138.9
EVT9_00173,36.0,24.0,74.5,8.0,163.9
EVT9_01241,31.0,20.5,67.4,-76.2,35.8
EVT9_01293,39.9,5.9,66.4,12.5,37.2
EVT9_00919,3.7,49.5,21.6,0.0,98.8
EVT9_00024,6.1,35.4,12.2,0.9,250.8
EVT9_01259,11.5,44.7,55.5,6.2,53.1
EVT9_00697,29.7,44.6,49.4,7.2,350.5
EVT9_01327,16.4,33.2,41.5,17.7,362.7
EVT9_00195,6.0,22.1,24.6,3.3,203.4
EVT9_01366,16.0,29.1,9.0,4.6,162.3
EVT9_00500,16.8,30.6,51.6,4.9,72.7
EVT9_00260,13.3,55.7,0.3,1.0,91.3
EVT9_01686,11.3,42.3,38.0,1.0,140.5
EVT9_01912,26.8,27.5,47.5,2.2,2.5
EVT9_01136,21.0,,38.5,1.9,49.2
EVT9_00353,15.3,59.7,35.3,2.1,197.5
EVT9_01031,29.2,44.9,28.0,3.6,209.6
EVT9_01929,3.9,48.4,0.2,4.5,207.2
EVT9_00710,3.9,44.9,17.7,1.0,310.2
EVT9_00728,42.2,13.3,24.3,6.4,32.0
EVT9_00647,6.0,26.9,14.2,1.7,85.7
EVT9_01623,17.1,55.2,17.6,5.5,341.2
EVT9_00242,16.1,40.5,29.6,9.0,305.5
EVT9_00335,37.6,28.6,47.5,8.9,45.0
EVT9_00706,42.3,21.6,65.9,7.1,267.0
EVT9_00364,33.2,16.4,25.4,7.9,2.6
EVT9_01987,28.0,47.4,,2.0,334.5
EVT9_01735,38.4,5.7,63.0,4.0,194.6
EVT9_01684,4.8,53.0,20.3,0.9,44.0
EVT9_00553,20.2,26.1,65.4,4.4,55.4
EVT9_01516,26.3,18.1,13.2,2.8,81.2
EVT9_01712,25.5,16.3,64.6,10.1,35.2
EVT9_00049,37.7,33.3,33.6,35.9,135.4
EVT9_01662,23.1,57.1,14.5,4.5,80.5
EVT9_01323,15.8,30.5,2.9,2.0,156.5
EVT9_00867,4.3,44.7,28.1,1.1,137.8
EVT9_00603,19.2,11.0,,2.2,39.5
EVT9_00023,25.8,31.3,30.7,3.6,483.0
EVT9_01808,17.6,10.7,34.9,9.3,3.6
EVT9_01940,17.5,40.8,37.4,4.3,86.3
EVT9_01363,12.1,39.9,39.1,9.0,47.8
EVT9_00396,13.0,28.9,42.5,24.2,547.2
EVT9_01770,4.1,46.1,9.2,1.8,82.1
EVT9_00077,20.0,47.3,32.3,1.0,202.3
EVT9_D0006,18.4,6.7,90.1,2.9,281.7
EVT9_00390,27.3,18.3,33.9,2.1,21.8
EVT9_00303,7.9,32.3,75.2,27.0,90.6
EVT9_01631,33.1,18.9,33.0,1.0,340.8
EVT9_01118,4.0,55.3,13.9,0.0,156.7
EVT9_01201,2.1,9.6,,1.0,53.2
EVT9_00600,12.7,62.5,1.9,6.2,70.4
EVT9_01769,12.0,41.8,8.5,1.0,355.3
EVT9_01696,38.4,,20.4,3.2,67.1
EVT9_00368,19.6,,56.6,6.7,278.0
EVT9_D0029,25.4,7.4,81.8,6.5,264.6
EVT9_00805,20.5,52.3,20.4,14.7,41.1
EVT9_01464,20.5,1.5,45.3,7.0,2.8
EVT9_00441,32.6,50.4,43.7,7.3,80.3
EVT9_00714,12.3,50.4,63.3,1.7,113.9
EVT9_00977,15.8,22.9,51.6,19.9,140.3
EVT9_01594,5.3,30.3,52.0,2.1,29.7
EVT9_00868,28.4,7.4,71.9,7.5,556.2
EVT9_01007,25.6,50.6,26.0,1.8,75.9
EVT9_00220,48.9,11.2,75.5,8.8,413.2
EVT9_00944,36.5,11.3,66.3,12.4,136.9
EVT9_01482,20.0,12.3,53.8,22.2,7.2
EVT9_01434,55.6,43.8,30.3,1.8,49.3
EVT9_01090,24.0,19.0,,4.8,2.8
EVT9_01540,23.0,36.7,23.2,4.1,97.8
EVT9_01946,29.6,12.8,83.0,8.8,
EVT9_01656,4.4,54.5,25.1,0.0,63.1
EVT9_00760,15.7,39.0,30.3,3.7,462.4
EVT9_01539,2.0,37.5,8.3,10.1,329.4
EVT9_01186,10.1,42.3,,1.7,110.2
EVT9_00701,5.7,18.9,1.4,0.0,78.5
EVT9_00433,21.5,,37.9,3.4,122.5
EVT9_00103,2.6,40.2,41.2,8.3,42.5
EVT9_00362,11.7,67.6,64.3,0.9,86.3
EVT9_01784,56.4,18.5,47.8,7.8,39.3
EVT9_D0018,40.7,6.4,61.3,7.7,52.9
EVT9_01828,17.3,29.4,26.4,3.7,65.4
EVT9_00725,50.6,10.3,47.8,6.7,35.2
EVT9_00828,6.0,47.4,6.8,6.8,411.1
EVT9_00315,25.4,11.9,34.9,1.1,4.7
EVT9_01206,28.2,10.9,36.7,6.8,354.1
EVT9_00474,37.2,22.1,76.2,33.1,124.2
EVT9_01476,6.8,38.6,38.8,5.4,236.2
EVT9_00269,6.8,33.0,10.2,0.0,114.0
EVT9_00643,33.7,18.2,83.1,11.2,144.9
EVT9_00193,20.0,63.3,23.2,3.3,461.0
EVT9_00873,54.1,10.7,80.2,1.7,167.8
EVT9_00850,9.5,15.2,62.0,1.1,49.6
EVT9_01399,4.4,,12.2,6.1,75.8
EVT9_01874,4.3,15.1,6.9,1.1,411.3
EVT9_00072,21.6,1.1,57.6,2.7,41.6
EVT9_00422,11.0,29.0,46.5,25.3,201.6
EVT9_01865,1.8,63.4,11.4,2.2,137.5
EVT9_00661,30.6,14.7,35.8,22.4,8556.0
EVT9_01860,9.5,59.6,17.7,1.0,63.0
EVT9_00512,36.2,19.6,68.5,6.1,520.0
EVT9_01289,18.1,4.3,52.4,14.0,100.7
EVT9_00138,10.4,46.4,31.9,6.6,46.0
EVT9_01117,15.1,27.2,54.6,6.8,127.1
EVT9_01177,18.2,42.9,19.0,2.8,229.7
EVT9_01296,23.9,8.4,16.1,2.0,63.3
EVT9_00799,47.3,19.1,102.1,2.1,61.8
EVT9_01713,18.7,10.5,82.8,5.4,64.4
EVT9_01937,10.0,39.7,50.1,3.0,109.4
EVT9_00723,8.3,50.4,9.7,4.3,338.6
EVT9_01804,11.0,18.3,20.6,3.3,280.6
EVT9_00016,25.7,18.4,67.0,5.2,249.0
EVT9_00099,16.7,22.0,61.8,6.3,78.1
EVT9_01695,28.3,31.3,75.1,2.7,254.0
EVT9_00071,24.5,58.2,42.2,7.9,362.7
EVT9_00684,0.0,10.3,30.8,8.9,63.6
EVT9_01963,4.5,36.8,6.6,0.0,227.3
EVT9_01628,14.2,22.6,68.2,25.1,69.7
EVT9_00839,34.5,27.8,52.7,15.8,72.1
EVT9_00067,30.6,39.5,35.5,2.1,369.6
EVT9_00611,1.1,48.4,14.1,1.1,333.2
EVT9_01692,47.6,16.1,83.3,4.6,79.2
EVT9_00948,34.8,23.2,,4.9,116.6
EVT9_00930,7.3,34.5,26.8,10.4,71.7
EVT9_01898,4.4,31.7,10.0,0.0,44.8
EVT9_01447,24.0,43.7,64.5,14.1,66.5
EVT9_00830,31.3,21.3,38.1,8.0,124.2
EVT9_00003,17.6,54.1,39.7,1.1,109.2
EVT9_01795,27.3,14.8,73.4,9.3,110.8
EVT9_00152,26.8,40.0,32.1,8.8,56.0
EVT9_01208,1.8,80.6,15.3,1.0,202.8
EVT9_01299,0.0,17.5,,2.0,71.2
EVT9_01989,30.6,23.4,41.8,6.6,169.1
EVT9_01564,18.7,9.6,35.0,18.4,85.8
EVT9_00695,25.4,13.5,62.8,6.4,81.0
EVT9_00680,25.8,27.2,68.7,6.8,45.7
EVT9_D0017,25.0,10.7,52.5,6.2,125.1
EVT9_00320,10.3,28.9,15.5,0.0,59.9
EVT9_00659,58.5,24.7,99.9,7.4,249.6
EVT9_01258,27.4,44.8,29.3,3.5,204.6
EVT9_00848,16.4,54.4,23.7,21.1,42.2
EVT9_00322,0.0,35.3,32.8,5.9,
EVT9_01185,11.0,46.7,13.0,0.9,68.0
EVT9_01527,28.4,30.6,59.7,24.0,43.1
EVT9_00426,36.9,31.4,67.2,11.9,44.7
EVT9_01444,17.5,22.3,10.0,31.2,73.1
EVT9_01250,8.8,35.4,28.2,25.1,411.3
EVT9_00010,14.5,30.2,32.2,15.0,36.7
EVT9_00106,2.3,40.8,51.1,24.6,243.7
EVT9_01285,5.0,15.3,44.2,1.0,49.8
EVT9_01512,27.9,21.0,40.9,33.3,238.1
EVT9_00057,22.5,29.7,34.6,14.1,320.4
EVT9_00534,0.0,51.0,15.7,17.4,228.4
EVT9_00907,4.6,23.9,11.6,0.0,119.8
EVT9_01918,27.2,17.6,69.2,4.6,298.6
EVT9_00833,6.3,32.7,9.9,33.1,173.6
EVT9_01290,20.6,32.1,68.8,1.1,382.8
EVT9_01388,0.0,23.9,56.3,20.5,60.2
EVT9_00874,1.8,28.1,20.3,0.0,45.9
EVT9_00482,19.0,0.0,18.2,36.1,367.5
EVT9_01184,1.8,43.4,17.6,0.0,255.1
EVT9_01986,25.4,33.7,75.4,3.9,40.1
EVT9_01775,6.5,41.4,15.9,0.0,130.8
EVT9_00932,32.5,24.1,52.8,3.1,238.7
EVT9_00425,8.7,0.0,33.3,4.1,2.8
EVT9_01329,26.2,36.4,20.5,5.0,207.2
EVT9_00527,37.9,24.1,69.7,6.0,280.2
EVT9_00178,42.9,23.8,47.7,5.4,142.2
EVT9_01347,2.3,37.9,22.0,0.0,181.7
EVT9_01688,18.0,47.5,22.0,0.0,114.7
EVT9_01639,29.1,34.0,41.1,5.3,97.9
EVT9_00722,25.9,14.9,32.8,1.1,
EVT9_00124,1.1,13.8,5.4,1.1,177.7
EVT9_01503,14.3,0.0,28.9,2.3,102.8
EVT9_01033,30.7,37.4,69.0,5.8,
EVT9_01015,15.6,56.9,57.9,2.7,44.4
EVT9_01667,0.0,49.3,29.9,2.0,51.0
EVT9_00886,7.1,,8.9,0.0,64.1
EVT9_01601,19.5,18.8,39.3,17.0,78.6
EVT9_00282,17.4,40.2,32.5,0.0,452.5
EVT9_D0015,6.1,46.4,1.0,0.0,148.7
EVT9_01480,0.0,6.1,25.8,2.9,21.7
EVT9_00608,4.6,64.3,5.4,1.9,349.1
EVT9_00549,13.3,7.8,31.5,16.3,458.6
EVT9_00533,21.2,15.6,64.4,2.0,4.1
EVT9_01567,42.1,15.6,89.9,6.3,88.8
EVT9_01094,3.3,50.6,19.5,2.8,90.9
EVT9_00551,14.2,42.9,17.0,8.0,118.3
EVT9_00845,41.9,0.1,90.0,5.4,2.7
EVT9_01424,22.3,19.1,82.1,1767.3,142.5
EVT9_00261,37.7,20.1,92.2,2.0,282.9
EVT9_00653,25.3,25.8,46.8,13.8,69.3
EVT9_00321,19.2,33.6,39.1,21.5,405.5
EVT9_00281,35.3,13.0,71.8,9.0,70.9
EVT9_01789,26.7,47.6,45.6,5.7,358.4
EVT9_00081,16.0,33.3,24.5,3.7,46.7
EVT9_00056,21.9,,74.9,5.3,176.3
EVT9_00580,7.3,37.1,19.2,2.8,172.6
EVT9_00444,11.6,29.2,9.8,2.2,62.4
EVT9_00100,20.1,18.6,42.3,37.7,197.9
EVT9_01682,6.6,75.9,0.0,3.3,53.2
EVT9_00573,27.0,36.2,35.7,23.8,106.6
EVT9_01063,4.0,38.9,15.8,0.0,96.4
EVT9_01489,46.2,28.7,45.8,12.7,44.4
EVT9_00698,30.7,30.0,53.7,21.3,327.6
EVT9_01108,24.8,40.1,29.7,5.9,80.0
EVT9_00409,24.2,15.2,83.3,-44.1,175.6
EVT9_00503,0.0,17.9,14.9,7.1,4.5
EVT9_01338,21.4,28.7,69.0,40.0,57.8
EVT9_00027,13.4,15.8,8.2,11.9,119.2
EVT9_01320,4.4,52.8,15.3,0.0,101.8
EVT9_01271,37.7,17.4,19.6,24.4,92.6
EVT9_00950,27.6,53.4,28.2,2.1,
EVT9_00878,4.4,67.4,0.0,3.9,105.9
EVT9_01190,4.3,33.1,34.0,2.2,276.7
EVT9_00174,13.2,34.6,22.2,0.0,152.4
EVT9_01562,37.1,13.8,64.4,6.2,13.7
EVT9_01426,39.0,1028.8,71.6,12.1,39.0
EVT9_00560,14.5,15.4,,9.4,86.3
EVT9_00155,25.8,49.3,29.2,2.6,44.1
EVT9_01910,4.5,66.2,2.6,1.1,188.4
EVT9_01997,45.7,3.7,74.2,14.4,41.0
EVT9_00958,22.2,30.9,28.5,24.3,34.4
EVT9_00739,10.3,46.6,16.9,7.7,76.8
EVT9_00748,22.0,19.1,52.6,8.8,73.9
EVT9_00627,43.5,17.2,81.2,3.4,53.5
EVT9_00050,11.4,35.6,17.0,4.6,115.6
EVT9_00504,45.1,18.5,62.3,6.7,78.3
EVT9_00074,26.9,8.5,56.3,4.7,429.7
EVT9_01401,1.1,54.0,9.9,2.0,336.6
EVT9_00609,23.1,25.1,59.9,2.6,21.5
EVT9_00310,8.0,18.1,8.5,0.9,74.0
EVT9_01150,6.0,29.3,3.0,0.0,56.1
EVT9_00625,32.8,27.4,,29.5,42.6
EVT9_01032,18.6,31.1,14.8,22.2,140.0
EVT9_01761,54.9,13.7,52.6,13.6,136.9
EVT9_00297,15.6,17.9,73.8,9.5,391.8
EVT9_01869,27.8,14.0,73.5,5.1,95.3
EVT9_D0022,6.2,32.2,7.9,1.1,51.1
EVT9_00936,3.0,53.6,5.5,0.0,368.7
EVT9_00224,8.7,9.7,62.8,2.7,23.3
EVT9_01146,30.9,27.6,76.0,23.2,187.2
EVT9_01441,28.0,43.0,30.9,9.0,41.5
EVT9_00204,6.1,67.6,12.8,1.9,173.4
EVT9_01650,17.1,34.2,47.5,3.8,198.4
EVT9_00715,24.8,22.8,65.8,8.0,384.1
EVT9_01694,36.4,21.6,79.1,11.5,392.6
EVT9_01127,26.0,17.0,100.5,3.4,125.8
EVT9_00339,8.8,5.1,51.4,29.4,211.1
EVT9_01438,5.7,12.7,13.2,1.1,83.6
EVT9_01903,4.2,39.4,13.3,2.8,275.2
EVT9_00340,24.4,22.9,61.5,4.4,441.6
EVT9_00798,20.7,38.1,33.0,6.5,33.8
EVT9_01310,10.6,51.3,20.8,19.6,53.9
EVT9_00720,19.1,35.1,37.3,5.1,393.6
EVT9_00779,17.4,32.5,36.1,1.7,52.2
EVT9_00079,6.7,43.0,8.7,3.6,110.7
EVT9_00068,4.1,45.3,1.3,1.0,72.8
EVT9_00804,20.7,52.9,24.4,1.8,331.2
EVT9_00752,23.3,19.6,43.4,9.0,62.3
EVT9_01821,3.4,42.2,22.3,2.0,60.5
EVT9_01616,13.7,47.0,21.8,1.9,113.4
EVT9_01415,6.4,19.4,6.2,0.0,293.2
EVT9_01925,21.3,23.2,53.3,9.9,149.1
EVT9_00667,49.6,19.8,37.3,3.2,3.4
EVT9_01992,24.0,27.0,57.5,7.0,46.2
EVT9_01729,34.3,19.7,80.1,6.2,175.9
EVT9_01407,17.0,,37.9,14.0,132.6
EVT9_01076,42.9,2.6,57.2,3.6,443.0
EVT9_00460,24.9,32.6,27.7,4.6,183.0
EVT9_00311,11.6,62.6,14.6,0.0,231.5
EVT9_00064,35.4,26.9,82.2,7.0,254.7
EVT9_00890,1.9,49.2,19.7,1.0,218.3
EVT9_01543,26.4,17.2,45.7,7.3,80.9
EVT9_00823,7.8,49.6,24.5,1.8,223.5
EVT9_01847,2.0,36.8,14.5,5.9,56.0
EVT9_01732,14.4,43.9,14.4,2.8,94.5
EVT9_00004,22.9,13.6,33.1,6.7,9.7
EVT9_00283,18.0,33.6,25.9,4.3,238.9
EVT9_01192,1.8,46.2,29.3,10.1,140.5
EVT9_01181,8.7,13.1,3.3,1.1,272.9
EVT9_01498,13.7,34.6,29.9,2.8,390.0
EVT9_01931,52.3,16.4,93.4,6.5,43.0
EVT9_01613,21.4,30.6,45.5,2.6,19.8
EVT9_00206,18.2,11.9,13.6,4.6,58.6
EVT9_01212,5.4,23.0,44.9,5.0,5.7
EVT9_01962,13.7,55.3,21.9,1.9,55.7
EVT9_01733,17.0,29.7,21.7,1.9,104.0
EVT9_01716,7.8,33.5,46.3,13.0,100.5
EVT9_00607,17.7,14.3,59.0,24.1,53.0
EVT9_01109,43.6,13.9,58.9,1.7,7.2
EVT9_00231,50.3,17.8,47.5,6.3,431.5
EVT9_00093,41.2,25.7,84.8,5.9,49.1
EVT9_00107,35.0,19.7,69.5,22.7,170.3
EVT9_01133,2.2,75.7,1.6,0.0,195.1
EVT9_01556,28.5,23.2,29.6,21.2,97.3
EVT9_00592,1.8,46.5,12.0,1.0,85.9
EVT9_00742,18.9,23.0,34.8,9.5,43.8
EVT9_00018,13.6,24.1,0.0,0.0,67.7
EVT9_00095,8.6,28.6,12.2,0.0,140.0
EVT9_01452,7.8,19.7,15.3,0.9,136.4
EVT9_01355,4.0,63.6,22.3,1.1,415.1
EVT9_01195,5.7,24.2,17.5,0.9,344.6
EVT9_00189,13.6,0.5,,5.1,61.6
EVT9_00557,35.5,23.2,53.5,25.6,77.8
EVT9_00870,30.3,,62.7,14.4,7.9
EVT9_00606,26.0,46.5,46.8,1.1,189.1
EVT9_00780,39.7,15.7,61.6,6.0,107.4
EVT9_01837,6.5,46.0,3.0,1.0,85.5
EVT9_00696,0.0,19.8,29.0,13.8,207.9
EVT9_00905,14.2,50.3,50.0,2.6,91.7
EVT9_01245,39.5,14.5,84.4,5.6,39.7
EVT9_01467,25.9,38.6,23.0,3.1,517.0
EVT9_01376,33.1,32.3,,13.1,149.5
EVT9_01755,47.9,27.7,40.3,1.1,130.7
EVT9_01700,16.9,43.8,35.3,3.9,76.0
EVT9_00763,6.2,34.3,14.2,2.1,78.4
EVT9_00589,24.0,,45.1,22.9,123.2
EVT9_00515,38.0,20.6,46.8,10.0,121.7
EVT9_01291,5.9,26.7,7.8,0.9,41.6
EVT9_00909,9.1,64.9,51.9,9.9,140.5
EVT9_00410,19.0,37.6,41.1,5.0,37.5
EVT9_01460,31.3,17.6,41.4,7.4,14.9
EVT9_01398,44.1,9.8,80.1,6.8,54.2
EVT9_01609,32.6,0.0,76.2,8.5,139.3
EVT9_00442,16.3,29.5,28.1,1.7,247.1
EVT9_01157,27.4,53.6,30.0,4.0,74.4
EVT9_01179,27.6,3.2,78.2,4.1,34.0
EVT9_01505,20.5,23.3,42.9,8.1,253.1
EVT9_01668,25.3,11.6,38.3,2.2,16.4
EVT9_01983,53.2,2.8,53.9,3.4,180.0
EVT9_D0024,8.0,21.3,12.0,2.3,200.9
EVT9_01878,45.3,21.1,29.4,15.5,470.3
EVT9_00612,29.1,23.6,66.5,1.1,82.6
EVT9_01826,38.1,44.5,29.5,29.7,94.5
EVT9_01632,3.3,87.7,9.1,0.0,502.8
EVT9_00145,42.3,54.4,18.3,3.0,41.1
EVT9_01681,1.7,49.6,11.7,1.1,132.9
EVT9_00472,12.9,21.4,19.3,1.0,47.4
EVT9_01752,15.9,46.7,71.1,2.9,268.3
EVT9_00490,2.8,45.8,16.4,1.0,131.2
EVT9_01014,27.5,37.3,57.8,4.1,77.3
EVT9_00117,3.6,26.0,22.9,2.7,190.5
EVT9_00254,18.0,32.4,31.3,0.0,73.5
EVT9_01762,43.5,24.3,,4.2,96.0
EVT9_01244,9.5,55.2,51.8,5.2,131.3
EVT9_00286,17.3,30.3,24.9,10.6,234.4
EVT9_01230,8.5,50.9,36.1,1.0,443.8
EVT9_00682,36.0,15.2,49.3,1.8,330.4
EVT9_00370,9.0,31.4,46.8,10.5,82.8
EVT9_01571,5.3,47.0,9.4,1.0,53.3
EVT9_01461,27.7,24.1,47.5,5.8,167.3
EVT9_01806,7.7,71.8,13.4,1.0,130.7
EVT9_01080,11.4,10.3,70.8,7.0,351.5
EVT9_00810,14.5,71.2,,2.0,181.9
EVT9_00782,31.1,9.6,101.4,5.4,111.2
EVT9_00617,17.3,25.7,61.0,2.3,44.0
EVT9_01018,6.3,38.5,15.6,2.0,
EVT9_01862,18.5,19.6,56.1,27.5,334.9
EVT9_00232,14.6,16.6,76.6,6.6,101.3
EVT9_01163,21.6,48.4,33.7,7.0,67.2
EVT9_00593,6.2,45.1,3.8,11.4,151.7
EVT9_00686,7.3,45.3,44.7,2.8,168.1
EVT9_00199,4.2,45.5,11.8,2.0,165.0
EVT9_00333,2.6,67.6,7.0,1.0,118.5
EVT9_01776,0.0,10.3,60.8,6.0,5.7
EVT9_00085,27.7,12.5,73.2,5.5,264.6
EVT9_00292,41.5,20.4,89.0,15.2,412.9
EVT9_01645,24.4,33.1,45.1,31.7,415.3
EVT9_00884,16.7,48.2,53.9,13.0,72.4
EVT9_00569,31.9,23.7,,2.7,3.7
EVT9_00973,42.5,25.0,45.3,23.5,76.1
EVT9_00916,20.0,37.9,702.5,6.3,150.7
EVT9_00875,21.9,17.6,38.1,12.0,139.0
EVT9_00325,14.9,61.3,25.8,3.5,41.8
EVT9_00089,11.2,39.5,12.1,1.1,169.8
EVT9_00338,20.3,17.7,45.6,3.1,159.5
EVT9_01238,32.9,14.8,81.0,5.8,42.1
EVT9_00276,31.5,7.3,68.8,6.7,203.2
EVT9_00840,17.7,28.5,50.5,14.6,260.0
EVT9_01008,2.0,39.8,12.4,0.0,470.3
EVT9_00494,26.7,43.8,39.4,4.6,211.4
EVT9_00075,17.5,12.2,35.9,3.6,47.4
EVT9_01414,12.2,31.6,15.9,1.0,179.8
EVT9_00631,15.7,38.8,34.9,9771.6,130.7
EVT9_00846,23.3,38.4,34.6,5.9,109.7
EVT9_01738,47.8,37.0,74.2,5.6,181.5
EVT9_01939,15.6,12.7,52.7,3.3,176.9
EVT9_01603,40.0,11.3,78.0,3.0,2.1
EVT9_01911,41.8,13.3,49.0,7.1,8.7
EVT9_00803,16.3,68.2,14.3,1.9,330.3
EVT9_01277,17.4,35.9,22.6,1.8,211.3
EVT9_01767,35.6,24.1,52.2,7.0,57.1
EVT9_00849,17.0,30.6,52.7,36.2,228.1
EVT9_01352,37.6,,42.5,2.7,2.3
EVT9_00851,43.7,34.2,84.4,4.2,244.0
EVT9_00662,0.9,45.6,10.4,1.0,71.1
EVT9_01249,9.2,20.3,39.8,1.0,56.3
EVT9_00237,25.1,49.9,38.1,11.9,542.8
EVT9_01334,25.1,59.7,22.0,4.8,154.6
EVT9_00946,40.0,23.6,65.9,5.3,120.6
EVT9_00465,28.5,21.3,50.4,6.6,368.5
EVT9_00418,31.4,7.3,65.5,7.3,156.0
EVT9_00420,19.8,27.3,46.7,2.1,133.8
EVT9_01308,23.2,36.2,13.9,4.7,58.2
EVT9_00564,27.7,45.6,28.2,5.9,147.5
EVT9_01510,26.7,23.8,84.4,9.1,9.3
EVT9_01818,8.5,56.1,5.0,0.0,166.0
EVT9_00042,49.3,28.0,78.6,6.0,322.5
EVT9_00791,39.1,25.9,38.6,3.4,149.5
EVT9_01390,30.5,27.4,56.4,29.2,179.8
EVT9_01071,25.0,17.4,28.7,5.5,552.3
EVT9_00462,32.1,17.0,54.7,7.5,60.7
EVT9_01457,25.9,9.1,59.6,6.2,7.0
EVT9_00483,41.1,22.4,79.2,6.3,76.2
EVT9_01514,17.4,37.1,48.7,7.9,78.3
EVT9_00893,2.9,32.0,6.5,0.9,173.1
EVT9_00834,19.2,32.8,22.2,5.2,33.8
EVT9_01896,16.9,73.5,26.1,1.0,221.7
EVT9_D0026,36.7,43.1,37.5,7.4,
EVT9_00914,4.5,45.7,17.5,0.0,360.0
EVT9_01166,14.6,11.4,72.7,6.5,283.5
EVT9_01680,21.5,41.2,29.6,1.0,425.8
EVT9_00307,22.6,26.4,42.2,29.2,260.3
EVT9_01081,28.1,17.7,78.1,4.0,10.3
EVT9_01488,20.1,70.7,53.2,5.9,455.3
EVT9_D0008,12.4,70.4,0.0,0.9,196.4
EVT9_00417,3.1,61.0,7.8,4.1,343.1
EVT9_01956,10.7,40.8,14.3,7.8,422.8
EVT9_01016,18.7,4.3,19.9,11.5,6.0
EVT9_00268,5.3,29.4,30.2,4.1,30.9
EVT9_00408,37.0,19.5,58.6,3.9,
EVT9_00827,9.0,42.7,34.0,2.8,54.7
EVT9_00866,39.6,20.4,87.2,4.6,82.1
EVT9_00802,42.2,10.1,42.7,6.0,2.6
EVT9_01723,24.4,12.1,64.3,10.6,266.8
EVT9_01153,4.4,78.8,16.2,1.1,48.6
EVT9_01877,21.9,21.5,14.7,11.5,317.8
EVT9_00635,12.0,45.7,57.1,5.8,189.5
EVT9_00972,26.7,11.1,70.7,4.8,
EVT9_00622,10.8,54.0,13.7,2.2,141.7
EVT9_01988,26.1,38.5,43.4,3.1,98.0
EVT9_00721,38.3,12.7,78.2,20.7,389.5
EVT9_01843,43.2,20.3,1757.3,4.8,2.7
EVT9_01373,10.8,25.1,67.9,11.0,71.5
EVT9_00964,21.3,12.4,40.0,8.6,45.7
EVT9_00658,50.2,10.3,43.0,11.1,190.3
EVT9_00476,7.4,25.7,33.6,11.0,290.4
EVT9_00872,8.4,49.5,4.7,1.9,91.0
EVT9_01408,7.6,69.0,12.0,1.0,95.9
EVT9_01942,23.8,19.7,42.3,9.5,72.3
EVT9_01994,26.7,48.0,31.5,6.0,324.1
EVT9_00800,34.2,-77.2,42.5,6.7,382.5
EVT9_00273,6.9,43.8,25.3,3.9,87.2
EVT9_01831,35.9,37.7,45.6,10.5,36.0
EVT9_00645,7.0,21.4,5.2,0.9,384.2
EVT9_00163,15.3,48.0,31.2,0.0,49.3
EVT9_00513,39.2,8.2,40.9,13.0,168.2
EVT9_00009,35.2,22.7,80.8,1.9,117.1
EVT9_00999,31.9,49.8,46.3,22.1,204.0
EVT9_01965,25.5,,82.6,6.8,
EVT9_00449,32.4,21.0,47.2,5.7,107.0
EVT9_01580,0.0,32.8,77.9,31.9,70.7
EVT9_01714,25.5,7.8,85.1,6.6,254.2
EVT9_00536,25.2,0.3,49.6,9.7,45.3
EVT9_00440,23.4,19.5,51.4,2.9,2.4
EVT9_00954,29.3,27.6,50.6,4.8,140.1
EVT9_00897,8.6,22.1,0.0,2.0,107.6
EVT9_00040,48.3,13.8,72.3,13.3,102.8
EVT9_01134,5.0,18.7,50.9,8.7,6.5
EVT9_01914,34.2,6.1,75.8,1.7,110.4
EVT9_00239,15.3,45.8,46.5,13.3,272.6
EVT9_01851,48.2,23.9,66.2,5.5,45.9
EVT9_00493,24.4,32.7,30.9,24.2,94.1
EVT9_01834,17.3,45.1,31.9,3.0,350.7
EVT9_00034,30.9,10.2,60.9,24.2,61.4
EVT9_00037,10.2,9.0,66.6,7.1,2.5
EVT9_01575,27.7,17.1,85.3,6.2,99.9
EVT9_01381,3.0,52.2,11.0,0.0,70.3
EVT9_00784,47.5,22.0,72.1,4.5,76.3
EVT9_00547,9.5,74.3,28.5,1.9,
EVT9_00458,17.7,27.3,41.1,4.7,16.7
EVT9_01936,20.7,45.9,54.3,0.0,
EVT9_01360,57.6,,82.9,9.0,159.6
EVT9_01737,3.8,62.1,7.7,7.7,47.2
EVT9_01105,12.0,64.0,28.1,4.6,
EVT9_00347,12.1,31.9,35.2,10.3,43.3
EVT9_00038,6.3,16.4,69.6,8.8,20.7
EVT9_01589,36.7,41.1,51.8,7.2,79.1
EVT9_01025,39.9,20.7,,5.5,70.4
EVT9_00757,0.9,9.7,42.0,14.0,3.0
EVT9_01194,51.1,12.6,62.6,9.2,40.3
EVT9_01702,11.5,45.6,37.8,1.1,94.2
EVT9_01917,24.4,12.3,78.3,5.2,13.1
EVT9_01189,13.8,38.4,27.2,2.9,46.3
EVT9_00610,13.1,31.2,21.5,13.0,444.7
EVT9_00313,22.9,26.3,66.0,8.1,138.2
EVT9_01357,30.5,16.0,38.5,4.3,6.6
EVT9_01593,38.4,12.7,47.0,7.7,311.9
EVT9_01511,25.8,14.3,73.6,8.3,168.9
EVT9_01380,40.5,1.2,78.0,17.4,50.5
EVT9_01832,18.0,35.2,64.3,17.2,368.8
EVT9_01315,23.7,48.3,34.8,5.2,123.2
EVT9_00544,15.8,35.1,42.2,5.6,90.4
EVT9_00184,33.1,10.4,14.6,5.3,8.2
EVT9_01377,21.1,12.6,36.7,2.7,4.8
EVT9_01191,20.0,38.2,30.1,24.8,334.5
EVT9_01573,40.3,12.7,44.1,6.0,387.2
EVT9_01283,28.9,11.6,39.8,9.9,25.7
EVT9_00076,11.7,16.5,26.1,41.4,71.1
EVT9_00393,28.6,56.1,22.5,3.3,249.1
EVT9_01521,26.4,33.5,31.9,26.7,237.2
EVT9_00806,18.1,52.1,21.6,1.9,328.8
EVT9_00094,30.6,34.0,33.1,16.5,464.1
EVT9_00162,54.0,7.7,49.9,6.4,247.4
EVT9_00332,4.1,62.9,12.0,0.0,437.8
EVT9_01618,47.8,13.8,57.3,4.1,136.8
EVT9_00959,52.1,10.5,90.1,18.3,170.9
EVT9_01143,8.6,60.9,13.2,1.8,199.8
EVT9_01727,22.6,38.8,27.8,3.5,34.4
EVT9_00154,1.1,41.7,25.5,3.3,231.5
EVT9_01479,39.0,9.7,37.6,6.5,47.4
EVT9_00082,16.5,38.9,29.8,4.4,77.2
EVT9_00036,28.3,11.6,41.5,30.8,367.3
EVT9_00901,16.5,43.2,24.3,2.3,398.1
EVT9_D0023,26.1,33.2,9.9,5.8,196.5
EVT9_01541,6.2,22.3,53.1,36.7,35.6
EVT9_01665,10.5,58.0,3.2,4.0,69.0
EVT9_01159,20.7,44.2,40.0,33.3,68.7
EVT9_00336,6.1,34.2,7.4,0.0,267.1
EVT9_00091,24.0,40.0,32.8,8.2,
EVT9_00125,5.8,62.2,9.3,1.0,260.1
EVT9_01171,50.0,19.3,42.8,16.1,148.3
EVT9_01432,2.2,37.3,11.5,1.1,52.7
EVT9_01844,16.3,3.8,27.1,7.5,3.6
EVT9_01272,24.6,42.4,30.8,3.1,382.8
EVT9_01011,7.8,45.4,25.9,2.7,84.8
EVT9_D0030,20.4,38.4,39.4,1.1,51.1
EVT9_00891,35.1,11.9,44.1,9.0,9.6
EVT9_00844,8.4,33.7,20.2,1.1,121.0
EVT9_01203,0.0,13.0,26.3,6.8,38.6
EVT9_00305,17.3,46.4,20.5,4.3,436.1
EVT9_00025,35.9,50.7,27.0,11.0,174.6
EVT9_00492,29.4,20.2,61.9,6.0,33.3
EVT9_00443,29.6,12.4,51.3,17.3,113.3
EVT9_00407,37.2,27.5,45.8,4.1,391.5
EVT9_01725,13.2,60.7,7.1,3.6,188.7
EVT9_01502,6.0,56.5,17.8,5.4,45.2
EVT9_00344,1.9,19.8,24.2,1.7,185.9
EVT9_01852,30.7,12.4,43.0,3.6,60.1
EVT9_00221,17.4,43.6,19.7,3.1,41.8
EVT9_00825,42.3,29.1,45.0,5.3,70.5
EVT9_01559,12.6,6.7,28.6,4.5,60.2
EVT9_00209,12.8,47.3,14.2,1.1,56.2
EVT9_01519,27.6,13.0,60.4,6.3,433.9
EVT9_D0002,37.5,53.0,20.2,2.9,41.2
EVT9_00704,26.6,10.8,29.2,7.7,2.6
EVT9_00563,23.5,7.5,51.7,4.4,257.5
EVT9_00674,21.7,44.2,42.6,3.0,261.2
EVT9_00181,7.4,3.3,27.4,14.7,380.5
EVT9_00636,12.4,24.2,59.4,30.2,478.5
EVT9_01173,14.8,53.0,22.2,5.3,338.7
EVT9_00975,28.9,22.5,92.2,7.0,3.5
EVT9_01815,4.4,32.6,7.3,0.9,449.4
EVT9_01002,33.2,36.4,62.9,3.6,86.4
EVT9_01530,5.0,51.0,12.8,1.1,39.9
EVT9_00140,24.0,54.3,33.3,23.5,36.7
EVT9_00879,17.1,16.2,39.6,20.1,93.5
EVT9_01919,0.0,18.5,48.0,16.8,294.6
EVT9_01123,15.5,47.5,3.9,3.4,72.3
EVT9_01292,39.9,17.1,79.6,7.3,136.3
EVT9_01300,30.3,17.2,49.9,11.1,54.8
EVT9_01370,25.8,19.5,57.0,14.9,9.4
EVT9_01754,5.4,39.4,6.4,0.9,107.0
EVT9_01028,28.4,27.6,84.1,4.2,209.9
EVT9_01451,5.3,65.7,19.0,6.3,119.0
EVT9_01365,4.5,42.3,25.1,1.0,178.5
EVT9_01968,2.6,36.0,3.9,0.0,406.3
EVT9_01427,25.4,1.1,23.0,8.5,38.4
EVT9_01389,39.2,9.9,64.9,8.4,54.4
EVT9_01957,37.6,24.6,50.7,6.3,207.3
EVT9_01418,25.7,19.1,66.6,6.2,82.2
EVT9_01350,12.9,25.3,61.3,27.6,44.8
EVT9_00308,23.7,14.8,63.8,9.1,8.9
EVT9_01228,22.6,20.5,58.2,9.4,176.8
EVT9_01382,32.8,8.5,57.2,5.4,110.7
EVT9_00755,21.0,17.9,64.3,10.1,2.5
EVT9_01506,9.7,36.4,29.7,3.9,374.4
EVT9_01406,8.0,23.0,21.3,11.1,42.0
EVT9_00069,14.8,28.7,36.0,6.9,136.1
EVT9_00459,39.3,17.4,72.6,7.6,242.3
EVT9_01404,11.3,60.7,13.7,19.3,35.8
EVT9_00134,46.9,20.8,80.5,8.0,50.6
EVT9_00700,10.1,10.9,59.3,4.9,20.5
EVT9_00743,9.4,29.2,33.6,10.0,59.4
EVT9_01523,12.4,42.3,52.7,4.1,245.5
EVT9_01867,31.9,11.3,39.9,0.9,80.4
EVT9_01253,13.0,40.5,48.0,8.5,180.9
EVT9_00301,32.1,7.7,81.8,8.0,150.9
EVT9_00144,40.8,28.6,64.7,8.4,158.1
EVT9_01314,31.7,17.8,33.4,2.2,12.5
EVT9_01198,0.0,32.7,50.6,4.9,2.5
EVT9_00832,4.5,48.0,16.4,0.0,167.8
EVT9_01977,33.2,4.4,106.5,4.3,42.4
EVT9_01375,47.8,3.5,55.2,5.0,85.3
EVT9_00744,37.9,11.4,58.1,3.1,40.0
EVT9_00942,35.7,14.0,59.0,15.2,25.9
EVT9_01319,13.0,53.4,22.7,17.2,138.5
EVT9_01799,43.3,11.5,75.0,11.6,110.7
EVT9_01658,27.9,0.0,85.3,4.3,166.5
EVT9_01276,21.8,39.9,32.3,4.7,418.8
EVT9_00202,53.8,6.1,47.5,9.3,236.9
EVT9_00965,6.9,16.5,46.7,7.8,65.4
EVT9_00361,27.0,5.6,52.1,1.7,3.3
EVT9_00838,20.4,15.6,,9.9,87.1
EVT9_01850,27.8,56.3,35.5,2.8,63.6
EVT9_01455,29.6,26.3,39.6,29.4,123.3
EVT9_01174,27.9,67.0,51.0,3.7,185.8
EVT9_00248,52.4,36.1,26.2,3.6,367.4
EVT9_01255,47.5,15.0,45.3,8.5,447.6
EVT9_00427,39.3,23.9,83.0,6.0,15.9
EVT9_00214,12.7,61.1,13.2,10.0,245.9
EVT9_00836,45.2,25.7,61.9,8.5,74.1
EVT9_00240,1.1,44.5,17.4,0.0,55.4
EVT9_00377,19.1,28.4,30.6,12.2,43.8
EVT9_00253,22.1,19.1,72.0,17.0,73.9
EVT9_00464,17.3,20.2,19.4,18.3,177.3
EVT9_00061,4.7,18.4,35.5,19.7,234.9
EVT9_01131,3.3,44.7,7.3,1.1,290.2
EVT9_00961,34.2,15.0,67.8,6.5,296.9
EVT9_00161,5.3,35.8,18.5,0.0,56.0
EVT9_00774,9.7,49.9,21.1,3.2,157.8
EVT9_01237,27.0,27.1,,3.0,4.1
EVT9_00713,25.6,19.9,53.3,27.1,80.1
EVT9_01301,5.1,46.8,7.2,0.0,56.1
EVT9_01805,13.5,8.7,52.8,28.0,338.8
EVT9_01565,20.4,13.9,23.5,21.7,240.5
EVT9_00574,25.5,17.6,50.6,5.0,173.9
EVT9_01092,16.5,36.6,29.6,16.3,35.2
EVT9_00657,26.4,32.8,41.4,28.0,36.3
EVT9_01796,15.4,,27.9,5.2,51.8
EVT9_00906,30.2,22.5,59.3,29.6,413.1
EVT9_00678,6.2,60.1,15.2,3.3,107.3
EVT9_01054,29.4,35.0,32.7,17.1,185.9
EVT9_00887,10.1,24.2,80.8,5.4,44.5
EVT9_01325,30.0,22.5,93.6,6.1,173.4
EVT9_00454,22.6,30.3,31.0,36.8,130.5
EVT9_01807,7.0,58.9,13.0,1.0,470.6
EVT9_00988,6.9,22.3,1.0,0.0,293.5
EVT9_01522,9.8,15.8,47.0,4.1,24.5
EVT9_00751,39.2,,36.6,6.4,155.6
EVT9_00994,42.7,7.6,73.0,11.4,12.4
EVT9_01052,38.2,26.2,82.3,1.7,353.8
EVT9_00871,39.4,42.1,46.4,4.3,197.7
EVT9_00351,47.6,20.4,60.8,3.4,
EVT9_00745,42.5,42.1,62.3,7.1,366.7
EVT9_00180,36.4,14.0,73.0,8.3,
EVT9_01440,17.6,38.1,28.2,22.9,81.3
EVT9_01675,31.0,31.0,25.3,1.8,161.9
EVT9_01824,14.3,26.8,22.3,0.0,139.5
EVT9_00630,4.7,16.7,0.0,1.1,55.9
EVT9_00043,13.1,70.6,33.0,2.8,64.7
EVT9_01013,20.1,22.3,58.3,6.6,126.0
EVT9_01961,5.6,60.4,0.0,1.1,93.9
EVT9_00733,17.2,34.5,45.5,8.7,232.3
EVT9_01227,2.8,54.0,13.8,0.0,86.1
EVT9_01442,23.9,7.4,63.7,3.7,4.9
EVT9_01935,4.8,67.4,16.1,1.0,76.9
EVT9_01062,31.3,6.2,44.2,4.5,363.9
EVT9_00203,8.0,34.2,26.2,20.0,89.3
EVT9_01135,33.1,,69.3,9.7,225.5
EVT9_00496,49.1,,100.2,8.5,211.3
EVT9_00428,27.6,15.0,49.6,6.7,171.7
EVT9_D0019,26.3,25.5,56.7,1.9,2.0
EVT9_01287,3.3,38.8,17.6,1.1,211.2
EVT9_01817,24.0,12.9,62.0,2.2,3.8
EVT9_01873,31.3,25.9,81.0,3.1,176.7
EVT9_01715,23.7,49.8,30.3,5.7,138.3
EVT9_01864,3.8,43.0,27.8,0.9,324.5
EVT9_00128,25.2,17.6,44.4,3.4,101.0
EVT9_00172,25.3,48.5,30.4,7.1,358.6
EVT9_01933,19.9,29.6,16.1,38.8,112.7
EVT9_01642,17.3,30.8,66.6,20.2,328.3
EVT9_01072,9.6,27.6,30.1,30.9,38.1
EVT9_00046,24.7,26.9,29.4,12.9,
EVT9_01145,13.0,10.9,19.6,23.0,81.3
EVT9_01971,21.4,59.3,22.3,2.8,427.5
EVT9_01920,34.1,60.4,,3.9,265.3
EVT9_00843,5.4,33.6,8.8,0.0,85.6
EVT9_00796,5.3,43.6,38.0,8.0,60.6
EVT9_00491,3.6,32.9,39.7,2.8,419.6
EVT9_01742,5.1,33.4,18.1,0.0,377.0
EVT9_00595,6.2,50.2,23.1,4.9,45.4
EVT9_00707,32.5,0.3,41.8,6.9,33.0
EVT9_00175,18.3,14.6,68.3,11.2,77.3
EVT9_00995,3.8,39.3,25.6,0.0,63.3
EVT9_00226,12.6,23.4,50.6,30.7,144.2
EVT9_01629,5.4,44.9,5.8,1.1,252.5
EVT9_00299,14.7,55.1,10.2,1.1,66.8
EVT9_00019,17.5,16.9,44.3,11.6,305.8
EVT9_00727,47.5,18.7,63.3,7.0,81.3
EVT9_00578,4.5,39.4,5.1,1.0,127.6
EVT9_01683,9.2,38.3,50.4,1.1,192.0
EVT9_01551,53.0,30.0,35.5,4.1,98.9
EVT9_01100,21.3,50.3,20.8,4.0,421.8
EVT9_01220,25.4,34.0,38.4,4.5,391.2
EVT9_01124,18.1,63.4,34.1,4.3,49.2
EVT9_01270,10.4,18.7,27.5,12.0,272.8
EVT9_01763,14.0,21.6,68.8,10.5,27.8
EVT9_01051,22.6,10.7,54.9,22.9,155.5
EVT9_00357,30.2,26.4,84.0,13.5,26.8
EVT9_01384,46.1,10.0,54.2,3.7,108.5
EVT9_00792,23.9,24.9,62.0,1.0,6.9
EVT9_00241,19.1,44.9,29.5,3.5,260.3
EVT9_00047,14.6,62.6,32.5,3.1,322.4
EVT9_01098,27.3,-134.3,44.9,19.8,138.7
EVT9_00367,37.2,6.0,46.9,3.2,13.2
EVT9_00646,42.2,13.3,99.7,4.7,69.3
EVT9_00123,0.9,53.8,5.5,1.0,94.9
EVT9_01981,26.0,51.3,20.4,3.1,108.0
EVT9_00598,20.3,0.0,25.2,13.5,20.0
EVT9_01367,34.8,18.7,56.1,7.5,51.6
EVT9_01068,24.2,17.4,38.5,14.1,230.2
EVT9_00051,12.8,37.5,10.3,2.1,59.8
EVT9_01356,2.1,,10.9,0.9,185.7
EVT9_01513,25.1,41.5,54.6,3.2,266.6
EVT9_00114,28.1,47.0,33.3,8.9,189.9
EVT9_01333,19.0,34.1,14.7,6.8,43.9
EVT9_01345,3.4,33.9,12.4,7.4,63.5
EVT9_01972,47.5,18.4,,15.0,187.6
EVT9_00205,21.0,,68.4,4.6,153.6
EVT9_01798,49.7,23.1,45.5,11.1,247.3
EVT9_00669,49.6,41.1,63.6,3.4,217.3
EVT9_01899,20.8,24.4,28.2,1.8,132.3
EVT9_01724,11.6,71.7,47.3,2.1,404.7
EVT9_00883,3.3,21.1,43.5,2.6,81.8
EVT9_00842,37.8,33.3,27.6,28.1,56.0
EVT9_00506,37.1,15.6,80.5,7.4,34.6
EVT9_00856,3.3,75.5,22.9,0.0,190.4
EVT9_01598,13.2,32.5,22.3,15.6,489.4
EVT9_01691,34.1,25.4,67.0,2.8,362.3
EVT9_01916,13.6,25.5,32.5,10.6,498.0
EVT9_01653,19.8,26.3,38.2,2.6,104.3
EVT9_01454,22.2,25.4,33.7,2.1,142.9
EVT9_00675,42.9,12.9,60.7,9.0,5.5
EVT9_01560,0.0,36.8,20.6,5.3,368.9
EVT9_00543,42.7,7.1,53.2,8.3,3.3
EVT9_01020,3.3,14.8,76.9,6.6,21.9
EVT9_00857,7.1,55.2,36.6,2.9,271.7
EVT9_00136,17.7,60.8,33.4,11.2,
EVT9_00324,34.9,23.3,80.2,13.3,142.2
EVT9_00278,36.9,20.8,78.7,7.6,195.3
EVT9_00815,2.1,44.8,26.1,0.0,563.2
EVT9_D0010,5.4,54.7,8.9,1.0,87.1
EVT9_00535,12.6,,31.9,6.9,16.5
EVT9_01079,11.0,64.9,38.1,2.6,301.2
EVT9_01256,46.5,37.0,52.8,5.6,48.1
EVT9_01703,18.8,29.1,17.8,4.3,101.3
EVT9_00517,34.6,21.0,90.2,1.1,
EVT9_00406,5.2,17.2,44.6,18.9,119.0
EVT9_00054,34.3,0.0,48.1,3.8,100.1
EVT9_00656,18.7,27.5,40.7,2.3,44.5
EVT9_00623,41.0,18.8,54.3,1.7,343.5
EVT9_00724,6.1,66.1,4.1,0.0,474.0
EVT9_00063,43.3,25.5,54.5,4.1,302.6
EVT9_00970,33.3,12.5,37.4,21.1,230.7
EVT9_00348,15.1,40.0,73.0,4.9,179.6
EVT9_01577,17.0,10.2,20.4,15.7,235.3
EVT9_01229,26.5,40.1,25.1,3.2,74.8
EVT9_00263,31.7,26.7,35.4,4.3,162.9
EVT9_01397,4.2,59.6,5.2,0.0,235.5
EVT9_01753,14.6,52.0,39.4,0.9,395.6
EVT9_01084,14.5,59.3,28.4,7.4,87.2
EVT9_00167,16.7,35.3,52.1,7.4,208.8
EVT9_01462,1.8,78.6,18.0,6.0,287.2
EVT9_01309,20.0,22.5,69.2,16.9,82.6
EVT9_00126,3.3,32.1,0.0,1.1,92.2
EVT9_00542,18.8,29.9,54.8,3.8,46.5
EVT9_01425,23.4,11.6,51.7,7.1,32.0
EVT9_01204,18.4,36.5,44.0,0.9,167.2
EVT9_00934,30.4,25.6,89.9,1.1,526.7
EVT9_01606,29.6,18.2,66.0,5.5,55.7
EVT9_01155,28.6,31.3,10.6,5.6,207.0
EVT9_01023,1.8,92.7,9.5,5.1,131.3
EVT9_01137,22.3,54.1,39.8,1.8,50.2
EVT9_01112,14.2,49.6,18.6,3.5,206.1
EVT9_00341,6.6,39.2,0.9,0.0,163.1
EVT9_00776,41.4,13.9,58.2,13.7,295.4
EVT9_00528,15.9,33.7,10.8,2.8,367.2
EVT9_01364,1.7,41.0,33.8,18.1,72.3
EVT9_01265,20.1,27.5,46.3,13.9,171.0
EVT9_01027,48.3,14.7,67.2,3.4,6.7
EVT9_00509,17.5,53.4,46.2,2.2,158.5
EVT9_01059,9.3,57.7,36.3,5.1,291.8
EVT9_01572,24.5,42.7,43.5,8.6,198.6
EVT9_00818,21.8,,,4.8,297.1
EVT9_00058,39.3,31.2,55.7,21.4,199.4
EVT9_01101,10.8,23.6,59.2,19.2,38.1
EVT9_00599,2.7,43.0,0.0,2.0,73.7
EVT9_00644,21.2,28.4,50.8,24.4,61.7
EVT9_01161,2.0,37.3,32.7,2.3,169.2
EVT9_01493,27.3,23.4,32.4,21.9,291.9
EVT9_00298,11.5,34.8,56.1,31.6,39.3
EVT9_00148,31.2,13.3,50.9,3.5,104.6
EVT9_01624,9.9,14.7,37.7,19.1,315.6
EVT9_01669,13.9,12.4,56.9,6.8,276.5
EVT9_01495,38.9,38.0,47.3,25.5,76.7
EVT9_01362,23.0,28.4,75.9,5.6,13.6
EVT9_00143,15.6,26.3,17.2,4.5,84.6
EVT9_01490,25.9,31.3,61.6,7.9,69.4
EVT9_01582,19.7,17.9,40.4,11.3,206.3
EVT9_00233,23.2,24.0,45.9,2.1,3.5
EVT9_01888,0.0,11.1,43.2,29.9,246.2
EVT9_01359,10.7,70.6,0.0,1.1,171.4
EVT9_01176,17.2,43.4,19.7,20.4,56.0
EVT9_00186,11.0,21.2,60.6,6.9,264.6
EVT9_00648,30.7,,66.9,7.0,41.4
EVT9_00587,16.6,46.4,26.1,11.9,230.3
EVT9_01778,29.7,59.7,20.9,3.3,94.4
EVT9_00754,33.8,15.4,51.6,4.1,61.6
EVT9_01053,12.5,39.5,22.2,1.1,48.1
EVT9_00963,13.0,46.8,32.6,2.0,70.3
EVT9_00227,0.0,26.6,28.9,9.7,114.2
EVT9_00052,15.2,16.7,73.2,20.5,79.4
EVT9_01383,21.7,45.0,34.5,20.7,477.2
EVT9_01819,5.5,44.4,25.6,12.7,201.3
EVT9_00664,3.5,33.6,5.4,1.1,93.9
EVT9_D0005,12.0,56.3,0.3,0.9,120.2
EVT9_00087,2.7,51.2,11.7,1.0,157.8
EVT9_00638,11.4,32.2,22.7,2.9,49.7
EVT9_00001,28.9,13.1,53.8,7.8,53.0
EVT9_01955,10.9,44.8,16.9,5.5,62.5
EVT9_01324,11.6,30.6,17.6,8.0,35.9
EVT9_01086,7.7,39.9,17.9,0.9,76.1
EVT9_00711,11.9,41.1,13.2,3.5,530.4
EVT9_01746,28.2,29.2,21.0,5.5,430.5
EVT9_01882,40.2,16.1,90.3,7.7,117.3
EVT9_00524,3.4,66.9,23.5,7.3,170.8
EVT9_00765,15.2,38.1,13.0,2.8,
EVT9_01172,47.2,36.1,83.1,5.7,
EVT9_00429,32.7,51.6,43.5,9.1,188.2
EVT9_00424,33.4,21.7,58.9,2.9,23.5
EVT9_00466,2.8,1.6,26.2,1.0,138.4
EVT9_00378,71.6,12.3,75.3,6.8,34.2
EVT9_00566,15.5,16.5,40.5,1.1,27.7
EVT9_00363,37.0,19.5,,5.2,59.5
EVT9_01777,27.7,27.0,39.5,19.2,39.0
EVT9_01902,0.0,22.1,44.5,13.4,94.6
EVT9_00432,3.1,37.5,11.2,2.0,248.1
EVT9_00149,4.5,16.8,10.7,0.0,81.4
EVT9_01039,46.8,6.3,54.2,9.4,55.7
EVT9_01693,8.3,45.6,10.8,1.0,95.9
EVT9_00158,7.0,11.7,5.4,1.0,55.4
EVT9_00781,12.1,47.1,33.2,0.9,268.4
EVT9_00015,29.5,19.7,72.3,9.5,45.9
EVT9_01897,11.8,47.0,40.6,1.0,77.6
EVT9_00480,16.1,0.0,20.1,32.5,57.7
EVT9_01765,32.7,14.2,19.9,23.4,
EVT9_01699,32.8,19.8,68.9,12.3,42.0
EVT9_00771,20.1,,24.9,3.3,127.2
EVT9_01422,3.2,60.6,11.1,1.8,176.5
EVT9_00797,8.7,39.1,30.6,1.0,49.8
EVT9_01585,7.0,29.7,16.9,2.8,211.5
EVT9_01354,5.1,29.0,30.4,5.8,229.2
EVT9_00438,5.7,44.5,32.0,0.0,106.7
EVT9_01058,42.9,4.7,68.5,8.0,113.9
EVT9_01661,22.0,34.1,70.0,17.4,146.0
EVT9_00991,2.8,35.4,17.7,0.0,329.3
EVT9_01445,35.3,18.5,67.9,8.0,12.6
EVT9_00212,18.4,15.2,26.6,5.5,81.3
EVT9_01074,38.8,0.2,50.9,30.8,260.9
EVT9_01210,14.5,12.2,50.0,5.0,
EVT9_01641,8.1,54.2,37.0,3.7,
EVT9_00115,19.3,36.5,10.9,1.1,506.9
EVT9_00395,52.4,18.4,52.0,5.1,253.9
EVT9_01849,19.4,19.6,73.4,8.2,211.8
EVT9_01595,33.5,37.2,62.4,26.1,148.4
EVT9_01001,12.0,27.4,61.8,30.5,257.4
EVT9_00758,35.0,22.5,58.0,3.5,160.4
EVT9_00766,33.1,29.4,61.6,5.7,124.2
EVT9_00583,3.8,33.1,5.6,0.0,205.4
EVT9_00860,22.7,26.3,48.5,19.6,88.9
EVT9_01671,20.7,64.2,41.4,4.8,58.3
EVT9_00111,29.9,9.5,71.8,2.0,159.4
EVT9_00633,2.7,23.8,6.3,1.1,146.3
EVT9_01697,20.4,50.2,32.9,2.9,52.7
EVT9_01636,24.8,62.3,45.5,7.1,39.1
EVT9_00083,5.4,50.9,20.6,0.0,73.8
EVT9_00187,5.2,64.8,9.2,0.0,88.2
EVT9_00572,34.3,23.5,54.5,4.6,65.7
EVT9_01708,8.6,38.1,30.4,3.2,440.6
EVT9_01958,16.0,70.2,41.0,3.5,92.6
EVT9_01858,20.7,20.9,44.5,1.8,128.3
EVT9_00404,44.1,19.9,62.7,10.7,178.3
EVT9_01740,22.9,39.4,36.1,10.4,49.2
EVT9_00516,15.5,29.2,34.5,6.4,454.3
EVT9_01739,41.0,18.2,37.6,32.5,210.0
EVT9_01386,31.2,17.2,54.0,8.7,46.8
EVT9_00146,3.3,35.2,3.0,2.3,
EVT9_01066,24.1,34.1,67.8,3.7,187.3
EVT9_00869,40.0,14.0,73.0,16.6,439.1
EVT9_01120,19.0,65.4,41.2,1.1,68.2
EVT9_00808,6.8,38.1,66.9,37.9,317.8
EVT9_00314,8.3,22.7,49.4,22.5,253.7
EVT9_00628,3.8,65.8,18.1,0.0,276.1
EVT9_01322,11.8,31.6,7.3,3.2,45.2
EVT9_01839,21.6,26.2,60.3,14.4,53.2
EVT9_01246,43.4,36.0,45.9,7.6,123.4
EVT9_01351,36.3,14.1,36.8,23.2,125.0
EVT9_01003,24.0,43.8,21.5,3.5,77.1
EVT9_01469,1.8,33.1,9.2,1.0,95.5
EVT9_01223,21.8,14.7,42.9,7.2,5.7
EVT9_01280,15.6,11.4,55.2,20.1,189.8
EVT9_01218,31.3,12.0,83.6,4.0,47.2
EVT9_00726,15.0,13.7,53.1,7.7,15.7
EVT9_01275,27.4,6.1,64.7,3.1,184.7
EVT9_01102,45.4,34.5,41.5,3.4,285.0
EVT9_01449,46.4,13.2,55.8,3.6,203.5
EVT9_01520,43.9,23.4,80.4,9.6,220.2
EVT9_01951,25.0,37.2,24.8,1.8,129.3
EVT9_00279,16.1,26.3,39.5,2.1,81.1
EVT9_00164,6.9,63.2,46.0,2.1,434.9
EVT9_01405,16.5,45.8,15.0,5.6,82.9
EVT9_01231,3.2,27.8,16.5,0.0,172.4
EVT9_01232,58.5,10.9,42.7,4.5,234.2
EVT9_D0007,32.5,42.8,34.4,14.8,52.0
EVT9_00062,5.4,17.1,43.3,1.0,2.3
EVT9_01547,44.6,22.1,73.1,4.3,444.7
EVT9_01148,40.1,5.9,40.2,11.2,3.3
EVT9_01420,7.9,19.1,51.8,9.1,129.1
EVT9_00437,3.5,29.6,47.9,17.9,431.1
EVT9_01149,6.3,33.5,9.6,2.2,79.3
EVT9_00688,32.9,20.6,74.6,3.6,221.6
EVT9_01569,24.6,19.2,78.9,6.9,67.8
EVT9_01349,13.1,37.5,26.9,6.7,66.8
EVT9_00984,28.3,17.6,58.4,10.4,323.9
EVT9_01745,21.0,50.3,33.5,0.9,52.2
EVT9_00783,28.7,20.0,33.2,30.7,137.1
EVT9_01614,28.9,44.4,57.5,8.2,42.2
EVT9_00337,13.2,28.9,29.6,3.4,94.9
EVT9_01704,25.7,17.3,58.3,3.7,4.1
EVT9_00585,30.1,15.1,24.9,14.6,108.4
EVT9_01991,24.4,18.9,42.4,8.8,53.8
EVT9_01816,29.6,44.9,19.4,6.7,277.5
EVT9_01558,14.8,39.6,30.6,8.0,119.0
EVT9_00904,17.8,21.1,12.3,6.2,103.4
EVT9_00652,37.5,26.8,12.0,18.9,234.0
EVT9_02000,20.5,70.1,32.4,6.7,209.4
EVT9_00915,1.8,32.7,72.9,23.1,302.9
EVT9_01021,43.5,53.6,33.4,4.5,418.4
EVT9_00157,23.9,13.7,73.8,2.3,7.1
EVT9_00495,38.8,16.6,41.8,2.2,260.6
EVT9_00570,29.9,50.0,23.2,4.3,425.1
EVT9_00256,17.2,49.8,32.3,5.3,67.1
EVT9_00885,2.6,74.6,24.6,0.0,79.3
EVT9_00538,9.7,23.4,22.7,0.9,93.5
EVT9_01651,5.5,59.8,8.3,0.0,135.4
EVT9_00373,20.0,27.8,17.1,10.1,221.0
EVT9_01660,16.3,48.1,41.4,22.6,73.4
EVT9_01813,0.0,20.4,31.7,20.6,54.8
EVT9_01932,21.7,35.0,45.8,15.2,
EVT9_01811,7.3,50.9,22.7,3.0,111.8
EVT9_00451,24.9,17.2,,13.1,54.7
EVT9_01566,19.5,36.9,52.3,4.4,243.0
EVT9_00389,16.3,37.0,18.3,3.1,34.0
EVT9_01004,10.2,0.0,41.3,21.1,73.7
EVT9_00165,4.3,42.0,7.0,0.9,166.6
EVT9_01395,24.1,32.3,53.0,18.9,254.5
EVT9_00968,6.4,58.0,20.7,0.9,487.5
EVT9_00059,10.0,11.4,45.7,1.9,11.2
EVT9_01226,10.2,26.8,23.2,2.7,54.0
EVT9_01317,26.9,9.6,40.1,2.0,99.5
EVT9_01263,5.7,38.9,31.8,4.5,261.8
EVT9_01552,6.3,14.8,34.6,7.9,62.0
EVT9_01938,17.9,15.0,86.2,4.3,375.4
EVT9_01178,6.7,51.6,2.3,0.0,203.5
EVT9_01590,2.3,50.2,18.6,0.0,206.9
EVT9_01029,33.6,10.0,77.2,11.3,290.6
EVT9_00234,23.6,27.5,29.2,11.2,180.4
EVT9_00419,9.6,31.1,53.8,8.6,254.2
EVT9_00591,29.0,47.5,13.4,3.2,367.2
EVT9_00938,3.1,36.1,6.4,0.9,242.4
EVT9_00192,13.5,38.7,24.9,3.2,263.3
EVT9_00770,12.7,40.0,35.3,8.6,51.6
EVT9_01216,27.5,15.6,42.3,12.1,54.3
EVT9_00032,14.5,46.4,39.5,3.9,33.2
EVT9_01091,10.4,38.6,28.7,17.7,138.3
EVT9_01785,32.5,26.5,,5.5,467.0
EVT9_00151,15.2,,,30.5,197.4
EVT9_01034,19.3,27.1,24.4,2.2,28.2
EVT9_01070,21.6,32.4,70.9,32.7,82.0
EVT9_01286,33.8,7.1,75.9,3.1,244.4
EVT9_01411,3.1,47.0,45.7,19.7,85.1
EVT9_00170,5.2,49.8,3.9,0.0,113.0
EVT9_01615,22.5,37.9,22.9,2.0,495.9
EVT9_00471,34.6,13.8,69.5,5.5,10.5
EVT9_00567,9.2,33.2,58.0,25.1,115.8
EVT9_00985,39.2,,84.1,6.8,64.8
EVT9_00026,20.0,29.7,12.6,3.7,113.1
EVT9_01528,19.6,8.3,70.7,10.7,59.4
EVT9_01759,35.4,13.4,54.7,17.6,400.8
EVT9_00446,43.9,19.6,65.7,8.3,99.4
EVT9_01400,5.0,48.5,13.3,1.0,280.6
EVT9_00029,0.0,70.7,14.4,2.2,101.6
EVT9_00768,21.7,17.5,81.4,2.9,244.4
EVT9_00127,0.0,49.9,4.1,0.0,87.2
EVT9_01443,36.9,0.0,91.3,1.8,451.0
EVT9_01544,19.1,45.3,2.3,4.4,327.8
EVT9_01948,12.0,48.5,30.7,1.1,251.2
EVT9_01517,15.1,45.0,55.2,19.4,120.8
EVT9_00967,16.7,34.6,6.1,0.9,342.2
EVT9_01690,22.4,40.9,39.1,15.5,488.2
EVT9_01966,21.8,7.0,85.5,4.8,144.9
EVT9_00385,15.7,30.4,42.9,25.1,147.2
EVT9_00624,15.8,63.2,26.3,2.3,53.9
EVT9_01993,30.2,83.0,61.3,6.5,415.5
EVT9_01458,40.1,13.7,47.1,6.9,8.1
EVT9_01689,31.1,33.3,47.2,31.8,138.3
EVT9_00289,9.2,78.3,17.3,3.0,373.0
EVT9_00540,63.3,11.1,79.7,14.1,96.3
EVT9_00987,49.0,15.0,37.7,4.2,49.7
EVT9_00416,6.8,22.1,58.9,6.9,120.1
EVT9_00746,57.2,16.9,63.1,6.7,135.4
EVT9_01394,42.3,7.2,60.9,4.5,47.2
EVT9_01659,18.6,43.2,16.7,2.7,348.8
EVT9_01167,22.4,50.1,39.3,4.5,225.5
EVT9_00198,33.1,35.8,48.6,6.8,39.8
EVT9_01793,0.0,17.4,37.0,46.5,35.5
EVT9_00588,21.5,35.1,20.6,2.2,132.6
EVT9_01437,29.8,,21.3,6.8,194.6
EVT9_00080,25.3,8.2,50.1,1.9,41.4
EVT9_01845,13.4,17.4,57.2,7.4,164.8
EVT9_01239,24.7,41.3,29.1,4.0,39.0
EVT9_01139,24.9,32.0,44.5,7.1,157.9
EVT9_01638,1.7,43.2,15.5,2.1,286.6
EVT9_D0016,41.8,26.4,71.4,5.6,12.6
EVT9_01240,14.0,21.9,48.4,29.5,304.7
EVT9_00539,11.1,33.7,21.5,6.3,295.2
EVT9_D0021,18.8,39.3,52.9,28.5,167.1
EVT9_00306,21.5,45.0,30.8,1.7,45.3
EVT9_00055,4.6,76.1,0.0,2.0,450.4
EVT9_00649,10.8,16.7,61.7,16.2,15.8
EVT9_00876,58.9,20.1,-175.0,10.8,37.2
EVT9_00654,7.7,43.8,45.8,30.6,67.0
EVT9_01421,7.2,10.5,49.9,5.9,220.3
EVT9_00737,22.9,50.4,32.7,2.9,426.9
EVT9_00217,30.6,22.1,66.4,2.1,2.4
EVT9_01312,30.8,25.5,57.0,27.4,100.2
EVT9_00190,21.4,38.2,49.0,2.2,125.9
EVT9_00403,13.1,35.4,10.3,0.9,47.3
EVT9_01792,3.2,60.6,13.2,2.1,205.7
EVT9_00133,26.0,21.0,71.2,21.5,145.5
EVT9_00683,40.2,25.9,71.5,10.6,49.2
EVT9_01450,9.6,3.8,88.3,5.0,9.2
EVT9_00550,24.8,20.3,45.2,17.0,274.6
EVT9_00477,33.2,14.8,69.4,2.7,3.7
EVT9_D0013,18.6,32.2,14.3,21.9,148.1
EVT9_01894,22.3,22.7,39.9,21.2,39.7
EVT9_01056,26.9,33.9,49.1,32.7,137.2
EVT9_00365,24.1,6.9,51.6,2.1,
EVT9_01620,3.4,75.6,8.9,1.1,84.3
EVT9_00955,18.3,21.6,60.0,9.6,318.7
EVT9_01005,6.1,35.4,9.6,2.6,345.0
EVT9_00296,3.7,44.2,17.3,1.1,201.6
EVT9_00295,50.1,13.9,41.1,12.2,63.5
EVT9_01537,25.9,5.9,36.9,19.7,45.9
EVT9_01358,39.3,17.7,63.4,4.1,74.0
EVT9_00597,7.4,25.1,31.7,8.0,401.4
EVT9_00166,2.8,28.9,2.5,0.0,118.9
EVT9_01470,45.3,16.4,66.5,4.5,174.0
EVT9_00979,4.9,79.5,11.9,5.2,279.6
EVT9_01199,10.8,50.8,31.5,1.8,348.2
EVT9_00277,16.5,60.5,39.9,0.0,165.4
EVT9_01448,16.9,33.4,34.7,2.1,166.6
EVT9_00511,8.6,62.3,15.3,0.0,172.2
EVT9_00435,16.5,57.4,38.5,2.3,80.5
EVT9_00824,39.3,13.8,37.3,6.8,121.0
EVT9_00947,21.4,62.3,10.5,1.7,91.5
EVT9_00814,32.3,6.6,30.1,34.9,187.2
EVT9_00247,5.8,43.9,24.7,6.2,113.5
EVT9_01515,21.9,28.6,47.8,17.3,37.6
EVT9_01267,6.7,30.3,13.9,3.0,61.4
EVT9_00113,4.3,62.7,21.7,0.0,274.3
EVT9_01678,35.7,13.2,21.2,13.0,56.3
EVT9_01492,2.3,55.5,0.2,1.0,165.8
EVT9_01592,19.3,15.2,70.2,5.6,21.3
EVT9_00565,31.7,45.4,14.2,0.0,82.1
EVT9_01749,18.2,28.3,33.8,11.5,63.8
EVT9_00718,5.9,65.4,9.1,0.0,94.8
EVT9_00855,40.8,19.6,49.9,5.6,66.2
EVT9_00741,5.3,80.6,4.5,0.0,442.9
EVT9_01854,6.9,33.3,0.2,1.8,202.3
EVT9_00997,21.3,58.2,33.3,1.8,196.6
EVT9_01416,29.3,38.1,36.1,30.3,38.8
